1,Erick,Wrate,erick_wrate@gmail.com,Male,104
2,Danya,Chaplyn,danya_chaplyn@gmail.com,Female,
3,Leif,Lyddy,leif_lyddy@gmail.com,Male,
4,Elliott,O'Cannovane,elliott_o'cannovane@gmail.com,Bigender,103
5,Sloan,MacQuarrie,sloan_macquarrie@gmail.com,Male,101
6,Benji,Primak,benji_primak@gmail.com,Male,104
7,Reggie,Shurville,reggie_shurville@gmail.com,Male,
8,Reeva,Gounard,reeva_gounard@gmail.com,Female,
9,Agatha,McKeggie,agatha_mckeggie@gmail.com,Female,102
10,Terrye,Tomlin,terrye_tomlin@gmail.com,Female,
11,Jehanna,Hellens,jehanna_hellens@gmail.com,Female,
12,Dacey,Rayer,dacey_rayer@gmail.com,Female,103
13,Gareth,Kauschke,gareth_kauschke@gmail.com,Male,
14,Wilmar,Sall,wilmar_sall@gmail.com,Male,105
15,Brander,Rudman,brander_rudman@gmail.com,Male,103
16,Cristian,Murley,cristian_murley@gmail.com,Male,104
17,Donovan,Loxley,donovan_loxley@gmail.com,Male,101
18,Hashim,Gapper,hashim_gapper@gmail.com,Genderqueer,
19,Mabel,Clemenza,mabel_clemenza@gmail.com,Female,
20,Nanete,Lorait,nanete_lorait@gmail.com,Female,102
21,Brittani,Laugharne,brittani_laugharne@gmail.com,Female,101
22,Janel,Whittek,janel_whittek@gmail.com,Female,
23,Joleen,Drake,joleen_drake@gmail.com,Female,
24,Jessi,MacDunleavy,jessi_macdunleavy@gmail.com,Female,101
25,Chen,Ingliby,chen_ingliby@gmail.com,Male,101
26,Cory,Magarrell,cory_magarrell@gmail.com,Male,104
27,Aron,Plait,aron_plait@gmail.com,Male,103
28,Evita,Fawssett,evita_fawssett@gmail.com,Bigender,104
29,Violetta,Gilchrest,violetta_gilchrest@gmail.com,Genderfluid,105
30,Andre,Attle,andre_attle@gmail.com,Male,105
31,Shaughn,Elvish,shaughn_elvish@gmail.com,Male,
32,Jewelle,Gaze,jewelle_gaze@gmail.com,Female,
33,Benita,Olyff,benita_olyff@gmail.com,Female,102
34,Celisse,Richold,celisse_richold@gmail.com,Female,105
35,Arliene,Welsh,arliene_welsh@gmail.com,Female,
36,Randi,Blondelle,randi_blondelle@gmail.com,Male,105
37,Constantine,Kastel,constantine_kastel@gmail.com,Male,102
38,Winonah,Hallett,winonah_hallett@gmail.com,Female,104
39,Luis,McLevie,luis_mclevie@gmail.com,Male,104
40,Whit,Clowney,whit_clowney@gmail.com,Male,105
41,Marji,Verson,marji_verson@gmail.com,Female,
42,Marigold,Cosins,marigold_cosins@gmail.com,Genderqueer,105
43,Garrott,Shane,garrott_shane@gmail.com,Male,103
44,Seline,Pimm,seline_pimm@gmail.com,Female,
45,Pietro,Kender,pietro_kender@gmail.com,Male,101
46,Levey,Gaythorpe,levey_gaythorpe@gmail.com,Male,101
47,Moritz,Indge,moritz_indge@gmail.com,Male,
48,Lynnea,Eles,lynnea_eles@gmail.com,Female,
49,Lanny,Scone,lanny_scone@gmail.com,Male,101
50,Shina,Aston,shina_aston@gmail.com,Female,
51,Micki,Shurlock,micki_shurlock@gmail.com,Genderqueer,102
52,Wolfie,Kenwyn,wolfie_kenwyn@gmail.com,Male,102
53,Xylia,Moorerud,xylia_moorerud@gmail.com,Female,102
54,Slade,Ockwell,slade_ockwell@gmail.com,Male,104
55,Julissa,Barth,julissa_barth@gmail.com,Female,105
56,Mildrid,Rodell,mildrid_rodell@gmail.com,Female,
57,Vina,De L'Isle,vina_de l'isle@gmail.com,Female,101
58,Cosette,Geindre,cosette_geindre@gmail.com,Female,105
59,Edlin,Piechnik,edlin_piechnik@gmail.com,Male,102
60,Kathryne,Noor,kathryne_noor@gmail.com,Female,103
61,Malvin,Edgett,malvin_edgett@gmail.com,Male,104
62,Kerwin,Lockhart,kerwin_lockhart@gmail.com,Male,105
63,Jayme,Lidbetter,jayme_lidbetter@gmail.com,Male,105
64,Goddard,Brandrick,goddard_brandrick@gmail.com,Male,101
65,Thorn,O'Garmen,thorn_o'garmen@gmail.com,Male,
66,Dalila,Coulson,dalila_coulson@gmail.com,Female,
67,Jolene,Quoit,jolene_quoit@gmail.com,Female,102
68,Murry,Feige,murry_feige@gmail.com,Male,102
69,Peggy,McRobert,peggy_mcrobert@gmail.com,Female,104
70,Wittie,Fallow,wittie_fallow@gmail.com,Male,
71,Barbara-anne,McKew,barbara-anne_mckew@gmail.com,Female,102
72,D'arcy,Shillabear,d'arcy_shillabear@gmail.com,Male,103
73,Monte,De Biasio,monte_de biasio@gmail.com,Male,102
74,Dietrich,Forsythe,dietrich_forsythe@gmail.com,Genderfluid,
75,Royall,Bodiam,royall_bodiam@gmail.com,Male,
76,Casie,Rawnsley,casie_rawnsley@gmail.com,Female,
77,Nestor,Balasini,nestor_balasini@gmail.com,Male,
78,Maddi,Caroline,maddi_caroline@gmail.com,Female,102
79,Inglis,Galliard,inglis_galliard@gmail.com,Male,
80,Dagmar,Burtwell,dagmar_burtwell@gmail.com,Female,
81,Sigrid,Hardesty,sigrid_hardesty@gmail.com,Bigender,103
82,Celina,Lightbourn,celina_lightbourn@gmail.com,Female,
83,Mellie,Bligh,mellie_bligh@gmail.com,Female,101
84,Maxie,Pudding,maxie_pudding@gmail.com,Polygender,102
85,Cloris,Van Schafflaer,cloris_van schafflaer@gmail.com,Genderfluid,
86,Nikki,Tilbrook,nikki_tilbrook@gmail.com,Non-binary,103
87,Lemmie,Simson,lemmie_simson@gmail.com,Male,103
88,Theodor,Arents,theodor_arents@gmail.com,Male,101
89,Jephthah,Frankiss,jephthah_frankiss@gmail.com,Male,101
90,Abel,Spinas,abel_spinas@gmail.com,Male,101
91,Dominica,Okeshott,dominica_okeshott@gmail.com,Female,104
92,Nonnah,Mossdale,nonnah_mossdale@gmail.com,Female,
93,Lauren,Ramelet,lauren_ramelet@gmail.com,Female,
94,Millicent,Linkleter,millicent_linkleter@gmail.com,Female,
95,Berti,Surmeyers,berti_surmeyers@gmail.com,Male,101
96,Monro,Weber,monro_weber@gmail.com,Male,105
97,Lars,Flatt,lars_flatt@gmail.com,Male,101
98,Basil,Andreoletti,basil_andreoletti@gmail.com,Male,101
99,Pia,Rallinshaw,pia_rallinshaw@gmail.com,Female,102
100,Happy,Lawday,happy_lawday@gmail.com,Female,
101,Hillard,Maass,hillard_maass@gmail.com,Male,102
102,Marya,Hugues,marya_hugues@gmail.com,Female,104
103,Federica,Arundel,federica_arundel@gmail.com,Female,
104,Fayette,Burder,fayette_burder@gmail.com,Female,103
105,Dodi,Houlton,dodi_houlton@gmail.com,Female,104
106,Bertie,Oakenford,bertie_oakenford@gmail.com,Female,103
107,Marena,Ashwin,marena_ashwin@gmail.com,Female,
108,Katleen,Cornill,katleen_cornill@gmail.com,Female,103
109,Shantee,Lempertz,shantee_lempertz@gmail.com,Female,102
110,Corella,Perigo,corella_perigo@gmail.com,Polygender,
111,Titos,Tirrell,titos_tirrell@gmail.com,Male,
112,Paul,Conahy,paul_conahy@gmail.com,Male,103
113,Eryn,Siggens,eryn_siggens@gmail.com,Female,102
114,Dionis,Lapsley,dionis_lapsley@gmail.com,Female,
115,Alvis,Harkins,alvis_harkins@gmail.com,Agender,
116,Kaylyn,Ouver,kaylyn_ouver@gmail.com,Bigender,103
117,Katrinka,Thorouggood,katrinka_thorouggood@gmail.com,Female,105
118,Barby,Jeffray,barby_jeffray@gmail.com,Female,101
119,Vita,Barthel,vita_barthel@gmail.com,Genderqueer,103
120,Lissie,Ishak,lissie_ishak@gmail.com,Female,
121,Kissiah,Forlonge,kissiah_forlonge@gmail.com,Bigender,
122,Caryl,Pennuzzi,caryl_pennuzzi@gmail.com,Female,
123,Tamma,Hedley,tamma_hedley@gmail.com,Female,103
124,Nobie,Sugarman,nobie_sugarman@gmail.com,Male,105
125,April,Vasilevich,april_vasilevich@gmail.com,Female,101
126,Cori,Newlands,cori_newlands@gmail.com,Female,
127,Corny,Tomaszek,corny_tomaszek@gmail.com,Male,103
128,Perry,Joslin,perry_joslin@gmail.com,Female,105
129,Eldredge,Faires,eldredge_faires@gmail.com,Male,105
130,Cullan,Dmitr,cullan_dmitr@gmail.com,Male,
131,Gertrude,Menezes,gertrude_menezes@gmail.com,Female,105
132,Daisie,McGenis,daisie_mcgenis@gmail.com,Female,105
133,Antoinette,Pococke,antoinette_pococke@gmail.com,Female,104
134,Clarke,Pirouet,clarke_pirouet@gmail.com,Male,102
135,Harry,Kemmet,harry_kemmet@gmail.com,Male,
136,Alejoa,Renton,alejoa_renton@gmail.com,Male,104
137,Langsdon,Cupper,langsdon_cupper@gmail.com,Male,103
138,Haven,De Bellis,haven_de bellis@gmail.com,Genderqueer,104
139,Kelsi,Lamont,kelsi_lamont@gmail.com,Female,
140,Karee,Jeannaud,karee_jeannaud@gmail.com,Female,103
141,Richardo,Hember,richardo_hember@gmail.com,Male,104
142,Idette,Clemow,idette_clemow@gmail.com,Female,105
143,Mortie,Bartoshevich,mortie_bartoshevich@gmail.com,Male,
144,Dulcine,Jolliman,dulcine_jolliman@gmail.com,Female,103
145,Gallard,Thornley,gallard_thornley@gmail.com,Male,102
146,Doyle,O'Meara,doyle_o'meara@gmail.com,Male,105
147,Des,Darrigrand,des_darrigrand@gmail.com,Male,103
148,Martie,Bly,martie_bly@gmail.com,Male,105
149,Den,Flaws,den_flaws@gmail.com,Male,
150,Nicolai,McQuilliam,nicolai_mcquilliam@gmail.com,Male,
151,Jasmin,Twells,jasmin_twells@gmail.com,Genderqueer,
152,Florette,Domenget,florette_domenget@gmail.com,Female,104
153,Dee,Hallede,dee_hallede@gmail.com,Female,102
154,Simon,Senett,simon_senett@gmail.com,Male,
155,Rafi,Hartless,rafi_hartless@gmail.com,Male,
156,Hiram,Winram,hiram_winram@gmail.com,Male,
157,Lucine,Fenby,lucine_fenby@gmail.com,Female,101
158,Hammad,Pattillo,hammad_pattillo@gmail.com,Male,104
159,Marybelle,Gotfrey,marybelle_gotfrey@gmail.com,Bigender,104
160,Sloan,Cereceres,sloan_cereceres@gmail.com,Male,102
161,Cristy,Spier,cristy_spier@gmail.com,Female,102
162,Aida,Layus,aida_layus@gmail.com,Female,
163,Richmound,Brydell,richmound_brydell@gmail.com,Male,105
164,Eustacia,Sulman,eustacia_sulman@gmail.com,Female,104
165,Troy,Pleat,troy_pleat@gmail.com,Male,104
166,Chloris,Jacketts,chloris_jacketts@gmail.com,Genderfluid,
167,Lazaro,Gaylor,lazaro_gaylor@gmail.com,Male,103
168,Calley,Hesbrook,calley_hesbrook@gmail.com,Female,104
169,Ardeen,Kearle,ardeen_kearle@gmail.com,Female,101
170,Erie,Spyer,erie_spyer@gmail.com,Male,
171,Nedda,Halworth,nedda_halworth@gmail.com,Female,
172,Kelley,de Guise,kelley_de guise@gmail.com,Male,101
173,Cordy,Bignell,cordy_bignell@gmail.com,Female,103
174,Curran,Belly,curran_belly@gmail.com,Genderqueer,105
175,Gabriello,Farfalameev,gabriello_farfalameev@gmail.com,Male,105
176,Lonni,Geldart,lonni_geldart@gmail.com,Female,105
177,Ellwood,De Giorgi,ellwood_de giorgi@gmail.com,Male,101
178,Wilbur,Saill,wilbur_saill@gmail.com,Male,101
179,Velvet,Tippell,velvet_tippell@gmail.com,Female,103
180,Tootsie,Jachimak,tootsie_jachimak@gmail.com,Female,103
181,Chen,Bengall,chen_bengall@gmail.com,Male,103
182,Rosemarie,Haken,rosemarie_haken@gmail.com,Female,104
183,Camey,Lasty,camey_lasty@gmail.com,Male,105
184,Maia,De Goey,maia_de goey@gmail.com,Female,104
185,Alfy,Siaskowski,alfy_siaskowski@gmail.com,Male,
186,Riki,Rennie,riki_rennie@gmail.com,Female,101
187,Tabbie,Ruslen,tabbie_ruslen@gmail.com,Female,101
188,Afton,Stolle,afton_stolle@gmail.com,Female,
189,Wait,Maidstone,wait_maidstone@gmail.com,Male,102
190,Duke,Olivas,duke_olivas@gmail.com,Male,105
191,Gregorio,Drewson,gregorio_drewson@gmail.com,Non-binary,105
192,Sloan,Macewan,sloan_macewan@gmail.com,Male,
193,Fred,Stower,fred_stower@gmail.com,Male,104
194,Karyn,Kettle,karyn_kettle@gmail.com,Polygender,
195,Shannon,Kamien,shannon_kamien@gmail.com,Male,
196,Bud,Haythorne,bud_haythorne@gmail.com,Male,
197,Linnea,Stempe,linnea_stempe@gmail.com,Female,
198,Laina,Kollach,laina_kollach@gmail.com,Female,101
199,Farley,Saladine,farley_saladine@gmail.com,Male,102
200,Cello,Wrotchford,cello_wrotchford@gmail.com,Male,101
201,Karita,Mainson,karita_mainson@gmail.com,Female,101
202,Brigitte,Schohier,brigitte_schohier@gmail.com,Female,101
203,Halsy,Cramp,halsy_cramp@gmail.com,Male,103
204,Daile,Buckston,daile_buckston@gmail.com,Female,103
205,Delmore,Stachini,delmore_stachini@gmail.com,Male,103
206,Niall,Whitehorn,niall_whitehorn@gmail.com,Male,103
207,Marion,Pleavin,marion_pleavin@gmail.com,Male,102
208,Brena,Nibloe,brena_nibloe@gmail.com,Bigender,101
209,Amity,Overbury,amity_overbury@gmail.com,Female,
210,Darbee,Delf,darbee_delf@gmail.com,Male,102
211,Mariquilla,Strathman,mariquilla_strathman@gmail.com,Female,103
212,Guillermo,Stallen,guillermo_stallen@gmail.com,Non-binary,105
213,Ethelin,Baddoe,ethelin_baddoe@gmail.com,Female,101
214,Layton,Fairman,layton_fairman@gmail.com,Male,104
215,Pierre,Rothert,pierre_rothert@gmail.com,Male,101
216,Bondon,Aylmer,bondon_aylmer@gmail.com,Bigender,101
217,Nonah,Tyrone,nonah_tyrone@gmail.com,Female,101
218,Kippie,Dot,kippie_dot@gmail.com,Female,105
219,Domini,O' Connell,domini_o' connell@gmail.com,Female,
220,Cullen,Kilmartin,cullen_kilmartin@gmail.com,Male,103
221,Skye,Benwell,skye_benwell@gmail.com,Male,
222,Temple,Kwiek,temple_kwiek@gmail.com,Male,
223,Woody,Kuhndel,woody_kuhndel@gmail.com,Male,
224,Layney,Linch,layney_linch@gmail.com,Female,102
225,Thomasin,Dilnot,thomasin_dilnot@gmail.com,Female,
226,Consuelo,Hassin,consuelo_hassin@gmail.com,Female,102
227,Robinson,Merdew,robinson_merdew@gmail.com,Male,102
228,Tracey,Oulett,tracey_oulett@gmail.com,Male,
229,Kenon,Ruthven,kenon_ruthven@gmail.com,Male,102
230,Ann-marie,Djordjevic,ann-marie_djordjevic@gmail.com,Female,101
231,Sibbie,Flott,sibbie_flott@gmail.com,Female,103
232,Hewett,Kobieriecki,hewett_kobieriecki@gmail.com,Male,103
233,Theda,Antony,theda_antony@gmail.com,Female,101
234,Garry,Danilchik,garry_danilchik@gmail.com,Bigender,101
235,Ambrose,Cudby,ambrose_cudby@gmail.com,Male,102
236,Maressa,Cure,maressa_cure@gmail.com,Female,
237,Brana,Lund,brana_lund@gmail.com,Female,103
238,Siobhan,Allonby,siobhan_allonby@gmail.com,Female,
239,Sollie,Heeron,sollie_heeron@gmail.com,Male,105
240,Eolande,Giroldo,eolande_giroldo@gmail.com,Female,102
241,Sissie,Vinau,sissie_vinau@gmail.com,Female,104
242,Phillida,Duetsche,phillida_duetsche@gmail.com,Female,101
243,Dynah,Phidgin,dynah_phidgin@gmail.com,Female,105
244,Elane,Andresser,elane_andresser@gmail.com,Female,
245,Sherwood,Klewer,sherwood_klewer@gmail.com,Male,
246,Lothario,Brown,lothario_brown@gmail.com,Male,
247,Dal,Kislingbury,dal_kislingbury@gmail.com,Male,105
248,Emanuele,Cruickshank,emanuele_cruickshank@gmail.com,Male,104
249,Borden,Shivlin,borden_shivlin@gmail.com,Male,
250,Raphael,Brunstan,raphael_brunstan@gmail.com,Male,102
251,Carl,Domanek,carl_domanek@gmail.com,Male,105
252,Hedwig,Foggo,hedwig_foggo@gmail.com,Female,102
253,Jemmie,Hucklesby,jemmie_hucklesby@gmail.com,Female,
254,Pollyanna,Dineges,pollyanna_dineges@gmail.com,Female,104
255,Burke,Shorbrook,burke_shorbrook@gmail.com,Male,103
256,Jerri,Woollard,jerri_woollard@gmail.com,Male,102
257,Neal,Dorning,neal_dorning@gmail.com,Male,103
258,Joelly,Dragge,joelly_dragge@gmail.com,Female,103
259,Randal,Semon,randal_semon@gmail.com,Male,102
260,Gay,Van den Broek,gay_van den broek@gmail.com,Male,
261,Kriste,Dawkins,kriste_dawkins@gmail.com,Female,
262,Burt,Macartney,burt_macartney@gmail.com,Male,
263,Dyanna,Moult,dyanna_moult@gmail.com,Female,103
264,Noell,Brelsford,noell_brelsford@gmail.com,Female,
265,Cassandre,Valerio,cassandre_valerio@gmail.com,Female,104
266,Carissa,Chaudret,carissa_chaudret@gmail.com,Female,
267,Jeanne,Feaveryear,jeanne_feaveryear@gmail.com,Female,104
268,Brantley,Meneghi,brantley_meneghi@gmail.com,Male,101
269,Marje,Leftly,marje_leftly@gmail.com,Female,101
270,Rosemaria,Ruppele,rosemaria_ruppele@gmail.com,Female,102
271,Nichols,Crocket,nichols_crocket@gmail.com,Genderfluid,101
272,Antonia,Feirn,antonia_feirn@gmail.com,Female,104
273,Ezmeralda,Lourenco,ezmeralda_lourenco@gmail.com,Female,102
274,Bradly,Alltimes,bradly_alltimes@gmail.com,Male,105
275,Lanny,Egginton,lanny_egginton@gmail.com,Female,104
276,Henriette,Bache,henriette_bache@gmail.com,Female,103
277,Valentine,Grzegorzewski,valentine_grzegorzewski@gmail.com,Male,102
278,Eleanor,Sonschein,eleanor_sonschein@gmail.com,Female,
279,Yoko,Tidcombe,yoko_tidcombe@gmail.com,Female,104
280,Brooks,Pendlebury,brooks_pendlebury@gmail.com,Female,101
281,Henrietta,Iglesia,henrietta_iglesia@gmail.com,Female,101
282,Jo-anne,Plascott,jo-anne_plascott@gmail.com,Female,105
283,Evita,Rowlatt,evita_rowlatt@gmail.com,Female,
284,Oriana,Varfalameev,oriana_varfalameev@gmail.com,Female,104
285,Vinnie,Bartosch,vinnie_bartosch@gmail.com,Male,103
286,Basilio,Aberdein,basilio_aberdein@gmail.com,Male,
287,Sawyer,Burmingham,sawyer_burmingham@gmail.com,Male,
288,Leeanne,Narracott,leeanne_narracott@gmail.com,Female,105
289,Elfrieda,Guiet,elfrieda_guiet@gmail.com,Female,105
290,Zena,Pickworth,zena_pickworth@gmail.com,Female,
291,Lottie,Parradice,lottie_parradice@gmail.com,Female,103
292,Nessi,Skene,nessi_skene@gmail.com,Female,101
293,Ara,Hewins,ara_hewins@gmail.com,Bigender,104
294,Cyrill,Thresher,cyrill_thresher@gmail.com,Male,104
295,Dewain,Birdsey,dewain_birdsey@gmail.com,Male,
296,Karon,Newband,karon_newband@gmail.com,Female,104
297,Emelita,Caulfield,emelita_caulfield@gmail.com,Female,105
298,Tyne,Seekings,tyne_seekings@gmail.com,Female,104
299,Randie,Inwood,randie_inwood@gmail.com,Male,
300,Fidelio,Galvan,fidelio_galvan@gmail.com,Bigender,
301,Terence,Nast,terence_nast@gmail.com,Male,103
302,Tricia,Fauguel,tricia_fauguel@gmail.com,Genderfluid,104
303,Lottie,Guess,lottie_guess@gmail.com,Female,102
304,Carney,McRuvie,carney_mcruvie@gmail.com,Genderqueer,101
305,Archambault,Rosetti,archambault_rosetti@gmail.com,Male,103
306,Bibi,Longfellow,bibi_longfellow@gmail.com,Female,103
307,Renata,Witcomb,renata_witcomb@gmail.com,Female,
308,Desiree,Portwain,desiree_portwain@gmail.com,Female,101
309,Paige,Fedoronko,paige_fedoronko@gmail.com,Female,103
310,Nyssa,MacNulty,nyssa_macnulty@gmail.com,Female,
311,Orelia,O'Hengerty,orelia_o'hengerty@gmail.com,Female,101
312,Margalo,Abrahmovici,margalo_abrahmovici@gmail.com,Bigender,104
313,Bethany,Giacoboni,bethany_giacoboni@gmail.com,Female,103
314,Geoff,Malafe,geoff_malafe@gmail.com,Male,102
315,Angelico,Roddan,angelico_roddan@gmail.com,Male,
316,Olag,Logsdail,olag_logsdail@gmail.com,Male,105
317,Duffie,Dolby,duffie_dolby@gmail.com,Male,103
318,Tana,Sheach,tana_sheach@gmail.com,Female,
319,Aliza,Kick,aliza_kick@gmail.com,Non-binary,105
320,Leonanie,Luciani,leonanie_luciani@gmail.com,Female,101
321,Olag,Peller,olag_peller@gmail.com,Male,103
322,Bette,Isham,bette_isham@gmail.com,Female,101
323,Marijn,Danilyuk,marijn_danilyuk@gmail.com,Male,101
324,Lexi,Scadding,lexi_scadding@gmail.com,Female,
325,Harley,Hartington,harley_hartington@gmail.com,Male,101
326,Hayes,Mapother,hayes_mapother@gmail.com,Male,104
327,Werner,Henrichsen,werner_henrichsen@gmail.com,Male,101
328,Raychel,Olczak,raychel_olczak@gmail.com,Polygender,
329,Ingmar,Millmoe,ingmar_millmoe@gmail.com,Male,104
330,Kimberli,Bradfield,kimberli_bradfield@gmail.com,Female,
331,Michaelina,Roffe,michaelina_roffe@gmail.com,Polygender,104
332,Elysee,Pentecost,elysee_pentecost@gmail.com,Female,101
333,Hoebart,Pither,hoebart_pither@gmail.com,Male,
334,Jaquith,Brandel,jaquith_brandel@gmail.com,Female,102
335,Dominica,Servante,dominica_servante@gmail.com,Female,105
336,Tawnya,Postill,tawnya_postill@gmail.com,Female,
337,Cordell,Dumbrall,cordell_dumbrall@gmail.com,Male,
338,Hynda,Haigh,hynda_haigh@gmail.com,Female,104
339,Wolfy,Boch,wolfy_boch@gmail.com,Male,
340,Adey,Thame,adey_thame@gmail.com,Female,
341,Sarge,Suddock,sarge_suddock@gmail.com,Male,101
342,Luciano,Arrighi,luciano_arrighi@gmail.com,Male,105
343,Blanche,Hallstone,blanche_hallstone@gmail.com,Female,101
344,Beth,Stott,beth_stott@gmail.com,Female,101
345,Lukas,Varnals,lukas_varnals@gmail.com,Male,102
346,Brantley,Cuttelar,brantley_cuttelar@gmail.com,Male,101
347,Sher,Streader,sher_streader@gmail.com,Female,104
348,Jeannie,Hamblington,jeannie_hamblington@gmail.com,Genderqueer,
349,Martelle,Pittham,martelle_pittham@gmail.com,Female,104
350,Irving,Legat,irving_legat@gmail.com,Male,101
351,Laurianne,Beaton,laurianne_beaton@gmail.com,Female,
352,Kaitlyn,Koch,kaitlyn_koch@gmail.com,Female,101
353,Massimo,Brandenberg,massimo_brandenberg@gmail.com,Male,
354,Barby,Rain,barby_rain@gmail.com,Female,101
355,Clary,Latch,clary_latch@gmail.com,Female,
356,Karlie,Feathers,karlie_feathers@gmail.com,Female,102
357,Binky,Lodin,binky_lodin@gmail.com,Male,101
358,Nikolos,Beggio,nikolos_beggio@gmail.com,Male,102
359,Nicoli,Petersen,nicoli_petersen@gmail.com,Female,102
360,Roxy,Cahalin,roxy_cahalin@gmail.com,Female,105
361,Maryrose,Weighell,maryrose_weighell@gmail.com,Female,103
362,Randee,Gillinghams,randee_gillinghams@gmail.com,Female,104
363,Krysta,Gard,krysta_gard@gmail.com,Female,101
364,Jervis,Crosoer,jervis_crosoer@gmail.com,Bigender,102
365,Wilbur,Brobeck,wilbur_brobeck@gmail.com,Male,
366,Thia,Mollett,thia_mollett@gmail.com,Female,103
367,Cletis,Zorener,cletis_zorener@gmail.com,Agender,101
368,Prue,Oldershaw,prue_oldershaw@gmail.com,Female,
369,Avram,Camelli,avram_camelli@gmail.com,Male,103
370,Ellery,Crutchley,ellery_crutchley@gmail.com,Male,
371,Alla,Sevitt,alla_sevitt@gmail.com,Female,103
372,Sydney,Spragge,sydney_spragge@gmail.com,Male,
373,Thaine,Ferruzzi,thaine_ferruzzi@gmail.com,Male,
374,Brear,Vian,brear_vian@gmail.com,Female,
375,Chickie,Dobbs,chickie_dobbs@gmail.com,Female,104
376,Granthem,Armour,granthem_armour@gmail.com,Male,101
377,Adlai,Larchiere,adlai_larchiere@gmail.com,Male,103
378,Mord,Wylam,mord_wylam@gmail.com,Male,101
379,Jory,Dudman,jory_dudman@gmail.com,Male,105
380,Janetta,Shrubshall,janetta_shrubshall@gmail.com,Female,103
381,Corina,Hessing,corina_hessing@gmail.com,Female,
382,Janene,Calles,janene_calles@gmail.com,Female,
383,Reynard,Kubat,reynard_kubat@gmail.com,Male,
384,Free,Meneely,free_meneely@gmail.com,Male,
385,Vernen,Mawd,vernen_mawd@gmail.com,Bigender,102
386,Tamra,Spedroni,tamra_spedroni@gmail.com,Female,
387,Hayyim,Norheny,hayyim_norheny@gmail.com,Male,101
388,Dun,Cowans,dun_cowans@gmail.com,Male,104
389,Welch,Willas,welch_willas@gmail.com,Male,102
390,Taffy,Martynikhin,taffy_martynikhin@gmail.com,Female,103
391,Pattie,Dwire,pattie_dwire@gmail.com,Male,
392,Aggy,Prozescky,aggy_prozescky@gmail.com,Female,101
393,Georgiana,Hainge,georgiana_hainge@gmail.com,Female,
394,Marty,Frowen,marty_frowen@gmail.com,Male,103
395,Merla,Aubri,merla_aubri@gmail.com,Female,105
396,Dorelle,Almak,dorelle_almak@gmail.com,Female,105
397,Roarke,Rawll,roarke_rawll@gmail.com,Male,104
398,Sidnee,Lahiff,sidnee_lahiff@gmail.com,Genderfluid,102
399,Lorri,Martineau,lorri_martineau@gmail.com,Female,104
400,Philipa,Simond,philipa_simond@gmail.com,Female,104
401,Ardelis,Fahy,ardelis_fahy@gmail.com,Female,101
402,Trish,Sibray,trish_sibray@gmail.com,Female,
403,Jacintha,Orwin,jacintha_orwin@gmail.com,Female,103
404,Ginger,Adelsberg,ginger_adelsberg@gmail.com,Male,103
405,Nahum,Timperley,nahum_timperley@gmail.com,Male,102
406,Axe,McChesney,axe_mcchesney@gmail.com,Male,101
407,Elfrieda,Attenborough,elfrieda_attenborough@gmail.com,Female,101
408,Erich,Testin,erich_testin@gmail.com,Agender,105
409,Karoline,Crumbleholme,karoline_crumbleholme@gmail.com,Female,101
410,Bronnie,Fairclough,bronnie_fairclough@gmail.com,Male,101
411,Kikelia,Lauga,kikelia_lauga@gmail.com,Female,
412,Haily,Kampshell,haily_kampshell@gmail.com,Genderqueer,
413,Shauna,Empleton,shauna_empleton@gmail.com,Female,102
414,Stewart,Welbourn,stewart_welbourn@gmail.com,Male,104
415,Ashby,Juza,ashby_juza@gmail.com,Male,
416,Sybyl,Lademann,sybyl_lademann@gmail.com,Female,102
417,Garold,Byneth,garold_byneth@gmail.com,Male,103
418,Debera,Chree,debera_chree@gmail.com,Female,104
419,Aldous,Cave,aldous_cave@gmail.com,Male,
420,Letti,Yu,letti_yu@gmail.com,Female,105
421,Felisha,Denacamp,felisha_denacamp@gmail.com,Female,
422,Ruperto,Andreia,ruperto_andreia@gmail.com,Male,105
423,Christan,Vest,christan_vest@gmail.com,Female,
424,Sandy,Duckham,sandy_duckham@gmail.com,Male,102
425,Sada,Delepine,sada_delepine@gmail.com,Female,102
426,Bethanne,Paterno,bethanne_paterno@gmail.com,Female,101
427,Dorelle,Withinshaw,dorelle_withinshaw@gmail.com,Genderfluid,101
428,Avictor,Kellington,avictor_kellington@gmail.com,Genderqueer,
429,Baxter,Emmison,baxter_emmison@gmail.com,Male,
430,Yalonda,Wyrill,yalonda_wyrill@gmail.com,Genderqueer,
431,Normy,Gimber,normy_gimber@gmail.com,Male,105
432,Elvin,Hollibone,elvin_hollibone@gmail.com,Male,101
433,Gwenette,Graveston,gwenette_graveston@gmail.com,Female,104
434,Pauly,Bowbrick,pauly_bowbrick@gmail.com,Female,
435,Jemie,Freeland,jemie_freeland@gmail.com,Female,101
436,Con,Adamczyk,con_adamczyk@gmail.com,Male,104
437,Doretta,Vasnev,doretta_vasnev@gmail.com,Female,104
438,Sydney,Baudone,sydney_baudone@gmail.com,Male,
439,Bobina,Rosel,bobina_rosel@gmail.com,Female,104
440,Eddy,Maddaford,eddy_maddaford@gmail.com,Male,102
441,Tanya,Edgeworth,tanya_edgeworth@gmail.com,Female,101
442,Lilli,Liston,lilli_liston@gmail.com,Female,103
443,Delbert,Poland,delbert_poland@gmail.com,Male,102
444,Guglielmo,Drury,guglielmo_drury@gmail.com,Male,102
445,Christi,Rudham,christi_rudham@gmail.com,Female,105
446,Rayna,Baynham,rayna_baynham@gmail.com,Female,105
447,Adriaens,Bridgett,adriaens_bridgett@gmail.com,Female,104
448,Lark,Tomich,lark_tomich@gmail.com,Female,101
449,Turner,Garlinge,turner_garlinge@gmail.com,Male,101
450,Franni,Iorillo,franni_iorillo@gmail.com,Genderqueer,105
451,Sonni,Hicken,sonni_hicken@gmail.com,Female,105
452,Carline,Trank,carline_trank@gmail.com,Female,
453,Deonne,Whitmarsh,deonne_whitmarsh@gmail.com,Female,105
454,Ailis,Tabourier,ailis_tabourier@gmail.com,Female,
455,Anthiathia,Grahlmans,anthiathia_grahlmans@gmail.com,Female,102
456,Casie,Gurdon,casie_gurdon@gmail.com,Female,
457,Randall,Mallalieu,randall_mallalieu@gmail.com,Male,
458,Craggy,Ditty,craggy_ditty@gmail.com,Male,104
459,Ludovico,Brownsea,ludovico_brownsea@gmail.com,Male,105
460,Tommy,Gabala,tommy_gabala@gmail.com,Male,105
461,Berri,Drexel,berri_drexel@gmail.com,Female,103
462,Gay,Faichney,gay_faichney@gmail.com,Female,105
463,Cecile,Jonczyk,cecile_jonczyk@gmail.com,Female,104
464,Zared,Bellord,zared_bellord@gmail.com,Genderfluid,105
465,Peg,Frayne,peg_frayne@gmail.com,Genderfluid,103
466,Thedric,Camplen,thedric_camplen@gmail.com,Male,
467,Roscoe,Kay,roscoe_kay@gmail.com,Male,104
468,Salvador,Sibbe,salvador_sibbe@gmail.com,Male,103
469,Giorgia,MacIlhagga,giorgia_macilhagga@gmail.com,Female,105
470,Luke,Clerke,luke_clerke@gmail.com,Male,105
471,Laura,Romer,laura_romer@gmail.com,Female,
472,Lenna,Banbrick,lenna_banbrick@gmail.com,Female,
473,Kriste,Goldspink,kriste_goldspink@gmail.com,Female,103
474,Les,Maryott,les_maryott@gmail.com,Male,
475,Mannie,Terrill,mannie_terrill@gmail.com,Male,102
476,Arlin,Birdsey,arlin_birdsey@gmail.com,Male,101
477,Sharlene,Fyrth,sharlene_fyrth@gmail.com,Female,102
478,Franzen,Hargrave,franzen_hargrave@gmail.com,Male,102
479,Llewellyn,England,llewellyn_england@gmail.com,Male,101
480,Diannne,Weedenburg,diannne_weedenburg@gmail.com,Female,103
481,Lois,Demageard,lois_demageard@gmail.com,Female,
482,Winfred,Parrington,winfred_parrington@gmail.com,Male,104
483,Electra,Elliff,electra_elliff@gmail.com,Female,
484,Seward,Doak,seward_doak@gmail.com,Male,105
485,Derek,Czajka,derek_czajka@gmail.com,Male,104
486,Karalynn,Lewens,karalynn_lewens@gmail.com,Bigender,103
487,Cynde,Oughtright,cynde_oughtright@gmail.com,Female,104
488,Cozmo,Earingey,cozmo_earingey@gmail.com,Male,103
489,Arlee,Donne,arlee_donne@gmail.com,Female,104
490,Sybilla,Belleny,sybilla_belleny@gmail.com,Female,
491,Craggie,Oddey,craggie_oddey@gmail.com,Male,105
492,Patrizio,Dawes,patrizio_dawes@gmail.com,Male,
493,Poppy,Edworthie,poppy_edworthie@gmail.com,Female,
494,Obadias,Pawnsford,obadias_pawnsford@gmail.com,Male,
495,Shell,Nairn,shell_nairn@gmail.com,Male,104
496,Dorey,Renault,dorey_renault@gmail.com,Male,103
497,Mariette,Birdfield,mariette_birdfield@gmail.com,Female,
498,Rosamund,L'Episcopio,rosamund_l'episcopio@gmail.com,Female,105
499,Gaspar,Rigglesford,gaspar_rigglesford@gmail.com,Male,102
500,Brand,Huddlestone,brand_huddlestone@gmail.com,Male,
501,Sidney,Cloney,sidney_cloney@gmail.com,Male,105
502,Amalita,Brailey,amalita_brailey@gmail.com,Female,103
503,Abigale,Nehl,abigale_nehl@gmail.com,Female,104
504,Genevieve,Sever,genevieve_sever@gmail.com,Female,103
505,Jermaine,Copcote,jermaine_copcote@gmail.com,Male,
506,Ced,Blencoe,ced_blencoe@gmail.com,Male,104
507,Kettie,Lear,kettie_lear@gmail.com,Female,104
508,Rollins,Langan,rollins_langan@gmail.com,Male,101
509,Rancell,Druett,rancell_druett@gmail.com,Male,104
510,Tiebout,Pargetter,tiebout_pargetter@gmail.com,Male,103
511,Emerson,Ohm,emerson_ohm@gmail.com,Male,101
512,Olympie,Housen,olympie_housen@gmail.com,Female,104
513,Deerdre,Clayson,deerdre_clayson@gmail.com,Female,105
514,Shayla,Duffy,shayla_duffy@gmail.com,Female,103
515,Caressa,Garling,caressa_garling@gmail.com,Female,
516,Lon,Stuck,lon_stuck@gmail.com,Male,
517,Balduin,Cauldwell,balduin_cauldwell@gmail.com,Male,102
518,Roscoe,Koene,roscoe_koene@gmail.com,Male,104
519,Selle,Bonick,selle_bonick@gmail.com,Female,103
520,Arabel,Roston,arabel_roston@gmail.com,Female,102
521,Ruddie,Filippyev,ruddie_filippyev@gmail.com,Male,103
522,Forster,Aguirrezabala,forster_aguirrezabala@gmail.com,Male,103
523,Warden,Wyre,warden_wyre@gmail.com,Male,104
524,Kyla,Pressnell,kyla_pressnell@gmail.com,Female,
525,Lucine,Minghi,lucine_minghi@gmail.com,Female,
526,Ainsley,Trudgeon,ainsley_trudgeon@gmail.com,Female,102
527,Rheba,Jorn,rheba_jorn@gmail.com,Female,105
528,Quintus,Partridge,quintus_partridge@gmail.com,Non-binary,104
529,Carl,Scotsbrook,carl_scotsbrook@gmail.com,Polygender,
530,Tab,Pirrey,tab_pirrey@gmail.com,Male,102
531,Tally,Longea,tally_longea@gmail.com,Male,102
532,Simeon,Charteris,simeon_charteris@gmail.com,Male,
533,Bill,Algie,bill_algie@gmail.com,Male,
534,Humfried,Tewkesbury,humfried_tewkesbury@gmail.com,Male,
535,Peggi,Pactat,peggi_pactat@gmail.com,Female,
536,Stevena,O'Harney,stevena_o'harney@gmail.com,Female,
537,Lenci,O'Currane,lenci_o'currane@gmail.com,Male,102
538,Hildegarde,Sleaford,hildegarde_sleaford@gmail.com,Female,
539,Giustino,Chazotte,giustino_chazotte@gmail.com,Genderfluid,105
540,Prudy,Lilie,prudy_lilie@gmail.com,Female,101
541,Elenore,Wearne,elenore_wearne@gmail.com,Female,
542,Beck,Fihelly,beck_fihelly@gmail.com,Male,103
543,Brig,Matterdace,brig_matterdace@gmail.com,Male,104
544,Sheff,Phayre,sheff_phayre@gmail.com,Male,101
545,Denys,Zellick,denys_zellick@gmail.com,Female,
546,Rouvin,Snassell,rouvin_snassell@gmail.com,Male,102
547,Mendy,Baudts,mendy_baudts@gmail.com,Male,105
548,Leicester,Trenholme,leicester_trenholme@gmail.com,Male,
549,Margo,Ownsworth,margo_ownsworth@gmail.com,Female,105
550,Kile,Orneblow,kile_orneblow@gmail.com,Male,
551,Peggie,Edgeller,peggie_edgeller@gmail.com,Female,105
552,Darcey,Gershom,darcey_gershom@gmail.com,Female,
553,Brewster,Cullon,brewster_cullon@gmail.com,Male,103
554,Ebeneser,Swindells,ebeneser_swindells@gmail.com,Male,
555,Ainsley,Prandy,ainsley_prandy@gmail.com,Female,104
556,Lancelot,Swadlinge,lancelot_swadlinge@gmail.com,Male,104
557,Wyatan,Race,wyatan_race@gmail.com,Agender,105
558,Thibaut,Desforges,thibaut_desforges@gmail.com,Male,103
559,Rina,Sharkey,rina_sharkey@gmail.com,Female,102
560,Maryjo,Clipson,maryjo_clipson@gmail.com,Female,
561,Frazier,Scott,frazier_scott@gmail.com,Male,101
562,Brade,Dooland,brade_dooland@gmail.com,Male,103
563,Cathleen,Rasch,cathleen_rasch@gmail.com,Female,
564,Benjy,Budden,benjy_budden@gmail.com,Male,
565,Rockey,Grigoletti,rockey_grigoletti@gmail.com,Male,105
566,Darb,Fumagall,darb_fumagall@gmail.com,Male,103
567,Harlen,Anand,harlen_anand@gmail.com,Genderfluid,102
568,Karney,Flucks,karney_flucks@gmail.com,Male,104
569,Ashlee,Ranstead,ashlee_ranstead@gmail.com,Female,103
570,Berne,Brobak,berne_brobak@gmail.com,Genderfluid,
571,Tedmund,Ilyuchyov,tedmund_ilyuchyov@gmail.com,Non-binary,103
572,Carey,Mearing,carey_mearing@gmail.com,Female,
573,Kristi,Munn,kristi_munn@gmail.com,Female,
574,Doloritas,Weavers,doloritas_weavers@gmail.com,Female,101
575,Broddy,Packington,broddy_packington@gmail.com,Male,103
576,Lindy,Matskiv,lindy_matskiv@gmail.com,Male,102
577,Tildi,Harries,tildi_harries@gmail.com,Female,
578,Roanna,Firebrace,roanna_firebrace@gmail.com,Female,
579,Leonidas,Vearnals,leonidas_vearnals@gmail.com,Male,104
580,Toby,Barby,toby_barby@gmail.com,Male,
581,Kellsie,Pimblett,kellsie_pimblett@gmail.com,Female,103
582,Stacy,Merwede,stacy_merwede@gmail.com,Polygender,
583,Klarrisa,Hullett,klarrisa_hullett@gmail.com,Polygender,
584,Nydia,Broschke,nydia_broschke@gmail.com,Female,
585,Ellie,Musselwhite,ellie_musselwhite@gmail.com,Female,102
586,Genna,Cancutt,genna_cancutt@gmail.com,Female,101
587,Meta,Gerrelts,meta_gerrelts@gmail.com,Genderqueer,102
588,Stesha,Greenall,stesha_greenall@gmail.com,Female,104
589,Hugibert,Chambers,hugibert_chambers@gmail.com,Male,103
590,Blanche,Ebbs,blanche_ebbs@gmail.com,Female,101
591,Jobie,Leggitt,jobie_leggitt@gmail.com,Female,
592,Deloris,Brettel,deloris_brettel@gmail.com,Female,102
593,Filip,Cornish,filip_cornish@gmail.com,Male,101
594,Noreen,Trickey,noreen_trickey@gmail.com,Female,
595,Mora,Duncan,mora_duncan@gmail.com,Female,102
596,Marika,Prahm,marika_prahm@gmail.com,Female,
597,Dunc,Hogben,dunc_hogben@gmail.com,Male,103
598,Hayyim,Crumley,hayyim_crumley@gmail.com,Male,104
599,Chelsey,Billam,chelsey_billam@gmail.com,Genderfluid,
600,Tamas,Folliott,tamas_folliott@gmail.com,Male,
601,Granville,Largent,granville_largent@gmail.com,Male,101
602,Jedediah,De Cristoforo,jedediah_de cristoforo@gmail.com,Male,105
603,Jessey,Stubbert,jessey_stubbert@gmail.com,Bigender,101
604,Frederique,Morrant,frederique_morrant@gmail.com,Non-binary,101
605,Emmalyn,Gooderick,emmalyn_gooderick@gmail.com,Female,103
606,Viole,Saundercock,viole_saundercock@gmail.com,Female,
607,Dollie,Castledine,dollie_castledine@gmail.com,Female,
608,Lanie,Murfin,lanie_murfin@gmail.com,Female,
609,Blair,Taft,blair_taft@gmail.com,Female,105
610,Emylee,Carroll,emylee_carroll@gmail.com,Female,101
611,Keefer,Tirkin,keefer_tirkin@gmail.com,Male,101
612,Candie,Antal,candie_antal@gmail.com,Female,105
613,Nolly,Tenaunt,nolly_tenaunt@gmail.com,Male,
614,Gerhardt,Coumbe,gerhardt_coumbe@gmail.com,Male,103
615,Sebastiano,Fidian,sebastiano_fidian@gmail.com,Male,102
616,Blisse,Caddan,blisse_caddan@gmail.com,Genderfluid,105
617,Curry,Rigglesford,curry_rigglesford@gmail.com,Male,102
618,Minor,Philipard,minor_philipard@gmail.com,Male,103
619,Taffy,Filmer,taffy_filmer@gmail.com,Female,101
620,Morgen,Jimmison,morgen_jimmison@gmail.com,Female,
621,Abbye,Rathjen,abbye_rathjen@gmail.com,Female,102
622,Gil,Ivimey,gil_ivimey@gmail.com,Male,104
623,Brinn,Mellings,brinn_mellings@gmail.com,Female,
624,Cooper,Forster,cooper_forster@gmail.com,Male,104
625,Brantley,Jovicic,brantley_jovicic@gmail.com,Male,103
626,Tommi,Lammenga,tommi_lammenga@gmail.com,Female,102
627,Donetta,Hilling,donetta_hilling@gmail.com,Female,
628,Burty,Gaither,burty_gaither@gmail.com,Male,105
629,Reuven,Gookes,reuven_gookes@gmail.com,Male,103
630,Titos,Soppett,titos_soppett@gmail.com,Male,105
631,Loren,Keener,loren_keener@gmail.com,Male,
632,Johnnie,Franklen,johnnie_franklen@gmail.com,Male,105
633,Lisbeth,Bunworth,lisbeth_bunworth@gmail.com,Female,103
634,Burr,Lisciardelli,burr_lisciardelli@gmail.com,Male,104
635,Zackariah,Divisek,zackariah_divisek@gmail.com,Male,103
636,Felice,Klimentyonok,felice_klimentyonok@gmail.com,Female,104
637,Kirbee,McGarrell,kirbee_mcgarrell@gmail.com,Female,
638,Bordy,Porcher,bordy_porcher@gmail.com,Male,103
639,Irving,D'Abbot-Doyle,irving_d'abbot-doyle@gmail.com,Male,103
640,Padraic,O'Regan,padraic_o'regan@gmail.com,Male,103
641,Ilario,Scardifeild,ilario_scardifeild@gmail.com,Male,
642,Roselia,Christopherson,roselia_christopherson@gmail.com,Female,
643,Katleen,Errowe,katleen_errowe@gmail.com,Female,
644,Eberto,Digance,eberto_digance@gmail.com,Genderqueer,103
645,Ailina,Hegge,ailina_hegge@gmail.com,Female,
646,Natasha,Sydenham,natasha_sydenham@gmail.com,Female,104
647,Shayne,McDougle,shayne_mcdougle@gmail.com,Female,103
648,Juliane,Dict,juliane_dict@gmail.com,Female,
649,Elihu,McNeice,elihu_mcneice@gmail.com,Male,
650,Verene,Halsworth,verene_halsworth@gmail.com,Female,105
651,Sly,Guiot,sly_guiot@gmail.com,Male,105
652,Gavan,Worsfield,gavan_worsfield@gmail.com,Male,101
653,Leoline,Clampett,leoline_clampett@gmail.com,Female,102
654,Ailbert,MacLleese,ailbert_maclleese@gmail.com,Male,102
655,Karole,Derrington,karole_derrington@gmail.com,Female,104
656,Rutherford,Berrie,rutherford_berrie@gmail.com,Male,104
657,Aloysia,de'-Ancy Willis,aloysia_de'-ancy willis@gmail.com,Female,102
658,Stacy,Dayer,stacy_dayer@gmail.com,Male,104
659,Adelle,Cumming,adelle_cumming@gmail.com,Female,
660,Minnnie,Brammar,minnnie_brammar@gmail.com,Female,103
661,Waiter,Spritt,waiter_spritt@gmail.com,Male,101
662,Edgardo,Romeuf,edgardo_romeuf@gmail.com,Male,105
663,Adler,Rudland,adler_rudland@gmail.com,Agender,
664,Windy,Albrook,windy_albrook@gmail.com,Female,
665,Biddy,Cornilleau,biddy_cornilleau@gmail.com,Female,101
666,Lyndy,Dunkirk,lyndy_dunkirk@gmail.com,Female,101
667,Rudiger,Frift,rudiger_frift@gmail.com,Bigender,104
668,Mahmud,Merryfield,mahmud_merryfield@gmail.com,Male,103
669,Ole,Worster,ole_worster@gmail.com,Agender,103
670,Darb,Dugmore,darb_dugmore@gmail.com,Male,101
671,Vittorio,Bordes,vittorio_bordes@gmail.com,Male,
672,Neal,Hodcroft,neal_hodcroft@gmail.com,Male,102
673,Lilly,Merwe,lilly_merwe@gmail.com,Female,103
674,Sol,Drewery,sol_drewery@gmail.com,Male,103
675,Marc,Rosenwald,marc_rosenwald@gmail.com,Male,104
676,Elmer,McHardy,elmer_mchardy@gmail.com,Bigender,102
677,Jim,Ranyell,jim_ranyell@gmail.com,Male,104
678,Rene,Ledward,rene_ledward@gmail.com,Female,
679,Quentin,Tunnoch,quentin_tunnoch@gmail.com,Female,103
680,Connie,Dunlop,connie_dunlop@gmail.com,Genderqueer,
681,Adriano,Staunton,adriano_staunton@gmail.com,Non-binary,101
682,Lawton,Turneaux,lawton_turneaux@gmail.com,Male,104
683,Odilia,Moyne,odilia_moyne@gmail.com,Female,101
684,Zane,Warman,zane_warman@gmail.com,Male,103
685,Celestia,Walczak,celestia_walczak@gmail.com,Female,104
686,Georgie,Chrystal,georgie_chrystal@gmail.com,Male,
687,Susann,Piff,susann_piff@gmail.com,Female,101
688,Ashlee,La Torre,ashlee_la torre@gmail.com,Female,101
689,Elora,Geare,elora_geare@gmail.com,Female,
690,Marnia,Skep,marnia_skep@gmail.com,Female,104
691,Celisse,Gilleson,celisse_gilleson@gmail.com,Female,102
692,Normie,Impy,normie_impy@gmail.com,Male,
693,Dimitry,Dunsmore,dimitry_dunsmore@gmail.com,Male,105
694,Ruddie,Peele,ruddie_peele@gmail.com,Male,102
695,Zach,Pabst,zach_pabst@gmail.com,Bigender,105
696,Salomi,Humphrys,salomi_humphrys@gmail.com,Female,
697,Pasquale,Shrimpling,pasquale_shrimpling@gmail.com,Male,102
698,Constantin,Van Hove,constantin_van hove@gmail.com,Male,103
699,Shane,Osgood,shane_osgood@gmail.com,Female,
700,Salem,Dundon,salem_dundon@gmail.com,Male,102
701,Renata,Thorpe,renata_thorpe@gmail.com,Female,103
702,Bertie,Rule,bertie_rule@gmail.com,Male,101
703,Kathleen,Van der Kruis,kathleen_van der kruis@gmail.com,Female,
704,Jeanne,Killock,jeanne_killock@gmail.com,Bigender,
705,Buiron,Sneaker,buiron_sneaker@gmail.com,Male,
706,Christye,Aldine,christye_aldine@gmail.com,Female,103
707,Shanda,Klamp,shanda_klamp@gmail.com,Female,
708,Marylee,Landreth,marylee_landreth@gmail.com,Female,104
709,Pavel,Falcus,pavel_falcus@gmail.com,Male,101
710,Ofelia,Surgood,ofelia_surgood@gmail.com,Female,104
711,Guido,Grason,guido_grason@gmail.com,Male,
712,Doyle,Verralls,doyle_verralls@gmail.com,Male,102
713,Heath,Leathem,heath_leathem@gmail.com,Male,103
714,Sharla,Rimbault,sharla_rimbault@gmail.com,Non-binary,
715,Corty,Keijser,corty_keijser@gmail.com,Male,102
716,Cairistiona,Cosgrove,cairistiona_cosgrove@gmail.com,Female,104
717,Jose,Stoffer,jose_stoffer@gmail.com,Male,104
718,Florance,Greatorex,florance_greatorex@gmail.com,Female,
719,Melania,Garaway,melania_garaway@gmail.com,Female,104
720,Hugibert,Klampt,hugibert_klampt@gmail.com,Male,104
721,Cyndy,Skews,cyndy_skews@gmail.com,Polygender,
722,Thom,Halbord,thom_halbord@gmail.com,Male,103
723,Julie,Pentelo,julie_pentelo@gmail.com,Male,
724,Renaldo,Speck,renaldo_speck@gmail.com,Male,105
725,Der,Ricardou,der_ricardou@gmail.com,Male,103
726,Ad,Stoak,ad_stoak@gmail.com,Male,103
727,Emmie,Paulson,emmie_paulson@gmail.com,Female,
728,Marga,Ingolotti,marga_ingolotti@gmail.com,Female,102
729,Lamar,Yvens,lamar_yvens@gmail.com,Male,104
730,Xylina,McLaverty,xylina_mclaverty@gmail.com,Female,
731,Schuyler,Macenzy,schuyler_macenzy@gmail.com,Male,102
732,Bidget,Gurner,bidget_gurner@gmail.com,Female,102
733,Mellisa,Goley,mellisa_goley@gmail.com,Female,
734,Lewiss,Dodswell,lewiss_dodswell@gmail.com,Male,101
735,Erek,Reynoldson,erek_reynoldson@gmail.com,Male,
736,Darya,Portsmouth,darya_portsmouth@gmail.com,Female,101
737,Yankee,Teulier,yankee_teulier@gmail.com,Bigender,
738,Ruggiero,Ramelot,ruggiero_ramelot@gmail.com,Male,104
739,Brittan,Bairstow,brittan_bairstow@gmail.com,Female,
740,Lydia,Gunningham,lydia_gunningham@gmail.com,Female,102
741,Christiane,Eyree,christiane_eyree@gmail.com,Female,101
742,Godfree,Bernardos,godfree_bernardos@gmail.com,Male,105
743,Fletcher,Diggons,fletcher_diggons@gmail.com,Male,
744,Morgen,Hansman,morgen_hansman@gmail.com,Male,
745,Morse,Craw,morse_craw@gmail.com,Male,
746,Kimbell,Madeley,kimbell_madeley@gmail.com,Male,104
747,Sandie,Spere,sandie_spere@gmail.com,Female,102
748,Ethe,Scholfield,ethe_scholfield@gmail.com,Genderfluid,102
749,Gradey,Moylan,gradey_moylan@gmail.com,Male,101
750,Cathe,Emby,cathe_emby@gmail.com,Female,103
751,Ludovika,Crummey,ludovika_crummey@gmail.com,Female,103
752,Chucho,Poutress,chucho_poutress@gmail.com,Genderfluid,
753,Maximilian,Gothrup,maximilian_gothrup@gmail.com,Male,104
754,Donielle,Sheerin,donielle_sheerin@gmail.com,Female,
755,Natala,Kalaher,natala_kalaher@gmail.com,Female,103
756,Oswald,Olivetta,oswald_olivetta@gmail.com,Male,
757,Christalle,Fripps,christalle_fripps@gmail.com,Female,102
758,Vinita,Pratton,vinita_pratton@gmail.com,Female,103
759,Cash,Longstaff,cash_longstaff@gmail.com,Male,104
760,Pavia,Teodori,pavia_teodori@gmail.com,Female,
761,Pate,Lyptrade,pate_lyptrade@gmail.com,Male,
762,Cornell,Garfirth,cornell_garfirth@gmail.com,Male,104
763,Ichabod,Rottcher,ichabod_rottcher@gmail.com,Male,101
764,Feodora,Dinis,feodora_dinis@gmail.com,Female,104
765,Rourke,Corryer,rourke_corryer@gmail.com,Male,103
766,Deina,MacCourt,deina_maccourt@gmail.com,Female,
767,Selle,Spillard,selle_spillard@gmail.com,Female,104
768,Clerissa,Asel,clerissa_asel@gmail.com,Female,103
769,Jeanie,Carletto,jeanie_carletto@gmail.com,Female,103
770,Lynelle,MacCracken,lynelle_maccracken@gmail.com,Female,
771,Maurits,Restorick,maurits_restorick@gmail.com,Male,
772,Jdavie,Tremberth,jdavie_tremberth@gmail.com,Bigender,105
773,Nevin,Crosse,nevin_crosse@gmail.com,Male,104
774,Clemente,Jereatt,clemente_jereatt@gmail.com,Male,104
775,Teddy,Dibdin,teddy_dibdin@gmail.com,Male,
776,Keene,Helling,keene_helling@gmail.com,Male,105
777,Carlo,Abram,carlo_abram@gmail.com,Male,
778,Nani,Fosh,nani_fosh@gmail.com,Female,101
779,Jerry,Saing,jerry_saing@gmail.com,Male,103
780,Elka,Tapply,elka_tapply@gmail.com,Female,103
781,Clarissa,Buchanan,clarissa_buchanan@gmail.com,Polygender,101
782,Francklin,Mower,francklin_mower@gmail.com,Male,103
783,Joya,Daybell,joya_daybell@gmail.com,Female,
784,Zaccaria,Jochens,zaccaria_jochens@gmail.com,Male,102
785,Delora,Fellenor,delora_fellenor@gmail.com,Female,101
786,Marietta,Passion,marietta_passion@gmail.com,Agender,104
787,Belita,Colley,belita_colley@gmail.com,Female,
788,Saunder,O'Neal,saunder_o'neal@gmail.com,Male,105
789,Roddie,Monkman,roddie_monkman@gmail.com,Male,
790,Chrisse,Yeiles,chrisse_yeiles@gmail.com,Male,105
791,Leonard,Dubery,leonard_dubery@gmail.com,Male,
792,Germayne,Goodby,germayne_goodby@gmail.com,Male,103
793,Irene,Stanbury,irene_stanbury@gmail.com,Female,105
794,Letisha,Aitkin,letisha_aitkin@gmail.com,Female,102
795,Glynn,Wasson,glynn_wasson@gmail.com,Male,103
796,Anatola,Mallabar,anatola_mallabar@gmail.com,Female,103
797,Yuma,Sirrell,yuma_sirrell@gmail.com,Male,103
798,Lothaire,Wallentin,lothaire_wallentin@gmail.com,Male,101
799,Ernesta,Castille,ernesta_castille@gmail.com,Female,102
800,Harlan,Spurrett,harlan_spurrett@gmail.com,Male,102
801,Preston,Free,preston_free@gmail.com,Male,104
802,Alwin,Raymond,alwin_raymond@gmail.com,Male,101
803,Dennison,McFfaden,dennison_mcffaden@gmail.com,Male,
804,Ozzie,Dodridge,ozzie_dodridge@gmail.com,Non-binary,101
805,Heddi,Stack,heddi_stack@gmail.com,Female,104
806,Gabriel,Frary,gabriel_frary@gmail.com,Female,
807,Jae,Robins,jae_robins@gmail.com,Male,102
808,Trefor,Jeffs,trefor_jeffs@gmail.com,Male,101
809,Emlynn,Munslow,emlynn_munslow@gmail.com,Female,101
810,Sheila,Muslim,sheila_muslim@gmail.com,Agender,101
811,Lisetta,Hartles,lisetta_hartles@gmail.com,Female,101
812,Alex,Jeandeau,alex_jeandeau@gmail.com,Bigender,102
813,Torrie,Breckenridge,torrie_breckenridge@gmail.com,Female,
814,Nicoline,Schober,nicoline_schober@gmail.com,Female,
815,Lora,Pessold,lora_pessold@gmail.com,Female,
816,Dunc,Cable,dunc_cable@gmail.com,Genderqueer,
817,Gunar,Jakab,gunar_jakab@gmail.com,Male,
818,Belvia,Bartelot,belvia_bartelot@gmail.com,Female,104
819,Rikki,Plowell,rikki_plowell@gmail.com,Female,
820,Booth,Macklam,booth_macklam@gmail.com,Male,
821,Carolan,Laneham,carolan_laneham@gmail.com,Female,105
822,Sharity,Surgeon,sharity_surgeon@gmail.com,Female,102
823,Roselin,Coventry,roselin_coventry@gmail.com,Female,102
824,Cicily,Blunt,cicily_blunt@gmail.com,Female,102
825,Quinta,Knowles,quinta_knowles@gmail.com,Agender,104
826,Price,Allett,price_allett@gmail.com,Male,103
827,Dody,Surman,dody_surman@gmail.com,Female,
828,Simeon,Chesman,simeon_chesman@gmail.com,Male,
829,Marla,Pettitt,marla_pettitt@gmail.com,Female,101
830,Teresita,Kemetz,teresita_kemetz@gmail.com,Female,104
831,Bonny,Dallender,bonny_dallender@gmail.com,Female,
832,Monique,D'Alwis,monique_d'alwis@gmail.com,Female,105
833,Babs,Smelley,babs_smelley@gmail.com,Female,104
834,Baxy,Vaisey,baxy_vaisey@gmail.com,Male,105
835,Felizio,Woolhouse,felizio_woolhouse@gmail.com,Male,105
836,Clarinda,Woolard,clarinda_woolard@gmail.com,Female,101
837,Nelli,Kalb,nelli_kalb@gmail.com,Female,101
838,Mick,Odgers,mick_odgers@gmail.com,Male,102
839,Hershel,Brierley,hershel_brierley@gmail.com,Male,105
840,Whitman,Van der Kruijs,whitman_van der kruijs@gmail.com,Male,105
841,Ermina,Stobbs,ermina_stobbs@gmail.com,Female,101
842,Francois,Bischoff,francois_bischoff@gmail.com,Male,103
843,Goran,Kiernan,goran_kiernan@gmail.com,Male,104
844,Isabella,Schroeder,isabella_schroeder@gmail.com,Female,104
845,Clemmy,Blakeslee,clemmy_blakeslee@gmail.com,Female,104
846,Ignace,McNerlin,ignace_mcnerlin@gmail.com,Male,
847,Deeyn,Hasselby,deeyn_hasselby@gmail.com,Female,101
848,Marcelo,Tame,marcelo_tame@gmail.com,Male,105
849,Danica,Marquez,danica_marquez@gmail.com,Female,105
850,Gavan,Penylton,gavan_penylton@gmail.com,Male,101
851,Bertrando,Eighteen,bertrando_eighteen@gmail.com,Male,103
852,Ediva,Ciottoi,ediva_ciottoi@gmail.com,Female,
853,Suellen,Petrou,suellen_petrou@gmail.com,Female,101
854,Lottie,Thripp,lottie_thripp@gmail.com,Female,104
855,Madelaine,Torpie,madelaine_torpie@gmail.com,Female,105
856,Amanda,Le Borgne,amanda_le borgne@gmail.com,Female,105
857,Laney,Grigore,laney_grigore@gmail.com,Male,
858,Tyne,Brucker,tyne_brucker@gmail.com,Female,
859,Loretta,Ryle,loretta_ryle@gmail.com,Female,103
860,Ferdinande,Ashling,ferdinande_ashling@gmail.com,Female,105
861,Ber,Tomney,ber_tomney@gmail.com,Male,105
862,Artair,Stanyland,artair_stanyland@gmail.com,Male,104
863,Felecia,Nickell,felecia_nickell@gmail.com,Female,105
864,Wilbert,Condict,wilbert_condict@gmail.com,Male,103
865,Renae,Mariel,renae_mariel@gmail.com,Female,
866,Ricky,Wayon,ricky_wayon@gmail.com,Female,102
867,Kendra,Willes,kendra_willes@gmail.com,Bigender,
868,Holli,Drakeford,holli_drakeford@gmail.com,Female,102
869,Georgie,Wandrach,georgie_wandrach@gmail.com,Female,104
870,Maje,Leak,maje_leak@gmail.com,Male,101
871,Flinn,Lauritsen,flinn_lauritsen@gmail.com,Male,101
872,Bowie,Jira,bowie_jira@gmail.com,Male,101
873,Leena,Ayliff,leena_ayliff@gmail.com,Female,105
874,Norry,Coltherd,norry_coltherd@gmail.com,Male,
875,Carita,Creggan,carita_creggan@gmail.com,Female,102
876,Tilly,Hoyle,tilly_hoyle@gmail.com,Non-binary,102
877,Marrissa,Seldner,marrissa_seldner@gmail.com,Female,102
878,Dagny,Starbeck,dagny_starbeck@gmail.com,Male,103
879,Jordon,Gutsell,jordon_gutsell@gmail.com,Male,103
880,Binny,Clemon,binny_clemon@gmail.com,Female,102
881,Torrence,Terney,torrence_terney@gmail.com,Male,
882,Rivi,Augur,rivi_augur@gmail.com,Female,103
883,Yard,Deveraux,yard_deveraux@gmail.com,Genderqueer,
884,Arabella,Padbery,arabella_padbery@gmail.com,Female,101
885,Danyelle,Deeson,danyelle_deeson@gmail.com,Female,
886,Myrvyn,Cornhill,myrvyn_cornhill@gmail.com,Male,102
887,Kamila,Benkin,kamila_benkin@gmail.com,Female,
888,Dillon,Sucre,dillon_sucre@gmail.com,Male,102
889,Adiana,Barta,adiana_barta@gmail.com,Female,101
890,Susanne,Fright,susanne_fright@gmail.com,Female,102
891,Gardiner,Biaggiotti,gardiner_biaggiotti@gmail.com,Male,
892,Kaela,Rodgman,kaela_rodgman@gmail.com,Female,
893,Andie,Berrie,andie_berrie@gmail.com,Bigender,105
894,Bruno,Utton,bruno_utton@gmail.com,Male,103
895,Prinz,Norker,prinz_norker@gmail.com,Male,105
896,Tadio,Bushell,tadio_bushell@gmail.com,Male,103
897,Gillie,Shyram,gillie_shyram@gmail.com,Female,
898,Gilli,Myhill,gilli_myhill@gmail.com,Female,101
899,Odette,Warbrick,odette_warbrick@gmail.com,Female,
900,Elfreda,Steffens,elfreda_steffens@gmail.com,Female,105
901,Orren,Ivanyukov,orren_ivanyukov@gmail.com,Male,
902,Falito,Litchmore,falito_litchmore@gmail.com,Male,105
903,Cleo,Sandbatch,cleo_sandbatch@gmail.com,Female,105
904,Elane,Cuell,elane_cuell@gmail.com,Female,
905,Tabina,Fenck,tabina_fenck@gmail.com,Female,104
906,Claribel,Cure,claribel_cure@gmail.com,Female,103
907,Stern,Fever,stern_fever@gmail.com,Male,102
908,Clary,Sally,clary_sally@gmail.com,Female,102
909,Gretna,Sibbons,gretna_sibbons@gmail.com,Female,103
910,Bertie,Hymas,bertie_hymas@gmail.com,Male,104
911,Niels,Josefovic,niels_josefovic@gmail.com,Male,
912,Andrej,Yashunin,andrej_yashunin@gmail.com,Male,
913,Vinnie,Elgar,vinnie_elgar@gmail.com,Female,102
914,Westleigh,Greser,westleigh_greser@gmail.com,Male,
915,Marcellus,de Quesne,marcellus_de quesne@gmail.com,Male,101
916,Dion,Laidlaw,dion_laidlaw@gmail.com,Male,102
917,Monte,Dalliwatr,monte_dalliwatr@gmail.com,Male,102
918,Diandra,Bealton,diandra_bealton@gmail.com,Polygender,103
919,Raddy,Van Castele,raddy_van castele@gmail.com,Male,105
920,Thedrick,Redihalgh,thedrick_redihalgh@gmail.com,Male,104
921,Jarid,Hender,jarid_hender@gmail.com,Male,101
922,Millicent,Jaqueminet,millicent_jaqueminet@gmail.com,Female,105
923,Toiboid,Sandeson,toiboid_sandeson@gmail.com,Male,
924,Zilvia,Duckwith,zilvia_duckwith@gmail.com,Female,102
925,Waldon,Blinco,waldon_blinco@gmail.com,Male,103
926,Merle,Mangin,merle_mangin@gmail.com,Female,103
927,Vina,Sibbons,vina_sibbons@gmail.com,Female,105
928,Sargent,Dudny,sargent_dudny@gmail.com,Male,101
929,Garrett,Hadgraft,garrett_hadgraft@gmail.com,Male,101
930,Becca,Glassard,becca_glassard@gmail.com,Female,102
931,Daron,Volante,daron_volante@gmail.com,Male,102
932,Muffin,McCarrick,muffin_mccarrick@gmail.com,Genderfluid,102
933,Lucinda,Kuhlen,lucinda_kuhlen@gmail.com,Female,103
934,Siusan,Biaggiotti,siusan_biaggiotti@gmail.com,Female,
935,Clarence,Viger,clarence_viger@gmail.com,Male,105
936,Nalani,Guiraud,nalani_guiraud@gmail.com,Female,104
937,Richart,Evetts,richart_evetts@gmail.com,Agender,102
938,Tori,Clendening,tori_clendening@gmail.com,Female,104
939,Stephana,Gordge,stephana_gordge@gmail.com,Female,102
940,Eadmund,Mollnar,eadmund_mollnar@gmail.com,Polygender,
941,Brande,Gartell,brande_gartell@gmail.com,Female,103
942,Jillene,Grisard,jillene_grisard@gmail.com,Polygender,102
943,Cecile,Bromfield,cecile_bromfield@gmail.com,Female,104
944,Fifine,Anstie,fifine_anstie@gmail.com,Female,104
945,Wyatt,Dimitresco,wyatt_dimitresco@gmail.com,Male,102
946,Cookie,Bannister,cookie_bannister@gmail.com,Female,104
947,Emmit,Lundie,emmit_lundie@gmail.com,Male,
948,Llywellyn,Durber,llywellyn_durber@gmail.com,Male,
949,Gwynne,Frontczak,gwynne_frontczak@gmail.com,Female,
950,Neilla,Georger,neilla_georger@gmail.com,Female,105
951,Devonna,Scirman,devonna_scirman@gmail.com,Female,103
952,Pernell,Jaggi,pernell_jaggi@gmail.com,Male,105
953,Benoite,Lortzing,benoite_lortzing@gmail.com,Female,104
954,Lethia,Gullivent,lethia_gullivent@gmail.com,Female,105
955,Clayson,Janu,clayson_janu@gmail.com,Male,105
956,Silvie,Grisenthwaite,silvie_grisenthwaite@gmail.com,Female,105
957,Uta,Baudon,uta_baudon@gmail.com,Agender,105
958,Bianca,Semechik,bianca_semechik@gmail.com,Polygender,104
959,Jayson,Randerson,jayson_randerson@gmail.com,Male,102
960,Lilith,Fantone,lilith_fantone@gmail.com,Female,102
961,Nanice,Gudgen,nanice_gudgen@gmail.com,Female,
962,Shanta,Leschelle,shanta_leschelle@gmail.com,Female,
963,Maris,Gorgler,maris_gorgler@gmail.com,Female,104
964,Spence,Rosenblum,spence_rosenblum@gmail.com,Polygender,
965,Gradeigh,Grouvel,gradeigh_grouvel@gmail.com,Male,101
966,Trent,Gorse,trent_gorse@gmail.com,Male,105
967,Reamonn,Shapcott,reamonn_shapcott@gmail.com,Male,101
968,Dorolisa,O'Donoghue,dorolisa_o'donoghue@gmail.com,Female,104
969,Emlynn,Vondra,emlynn_vondra@gmail.com,Female,105
970,Buffy,Lauret,buffy_lauret@gmail.com,Female,102
971,Papageno,Helder,papageno_helder@gmail.com,Male,
972,Dinny,Jenney,dinny_jenney@gmail.com,Bigender,103
973,Shelby,Klimushev,shelby_klimushev@gmail.com,Female,101
974,Kliment,Skerme,kliment_skerme@gmail.com,Male,
975,Finn,Padgham,finn_padgham@gmail.com,Male,104
976,Harwell,Gowanson,harwell_gowanson@gmail.com,Male,101
977,Loralie,Thews,loralie_thews@gmail.com,Female,105
978,Mathew,Sidgwick,mathew_sidgwick@gmail.com,Male,103
979,Holly,Cordes,holly_cordes@gmail.com,Female,
980,Neddy,Long,neddy_long@gmail.com,Male,102
981,Rollins,Cortnay,rollins_cortnay@gmail.com,Male,103
982,Whit,Yesichev,whit_yesichev@gmail.com,Male,
983,Noby,Daw,noby_daw@gmail.com,Male,
984,Fawnia,Klimmek,fawnia_klimmek@gmail.com,Female,101
985,Cosetta,O'Mahoney,cosetta_o'mahoney@gmail.com,Bigender,
986,Charleen,Dulson,charleen_dulson@gmail.com,Female,101
987,Gordon,Barff,gordon_barff@gmail.com,Male,102
988,Gay,O'Lenechan,gay_o'lenechan@gmail.com,Female,103
989,Ibrahim,Lucken,ibrahim_lucken@gmail.com,Male,
990,Davin,Halling,davin_halling@gmail.com,Male,105
991,Raimundo,Eastby,raimundo_eastby@gmail.com,Male,103
992,Elysha,Paolone,elysha_paolone@gmail.com,Female,
993,Levey,Laming,levey_laming@gmail.com,Genderfluid,105
994,Tish,Ribou,tish_ribou@gmail.com,Polygender,103
995,Mavis,Matis,mavis_matis@gmail.com,Female,103
996,Rudolfo,Shillabeer,rudolfo_shillabeer@gmail.com,Male,101
997,Robers,Ybarra,robers_ybarra@gmail.com,Male,101
998,Nellie,Spore,nellie_spore@gmail.com,Female,101
999,Warren,Stuehmeier,warren_stuehmeier@gmail.com,Male,104
1000,Josias,Vallintine,josias_vallintine@gmail.com,Male,103
