Cosmo,Yuryshev,cosmo_yuryshev@gmail.com,Male,102
George,Isles,george_isles@gmail.com,Female,103
Chlo,Goodisson,chlo_goodisson@gmail.com,Female,102
Alexei,Wheway,alexei_wheway@gmail.com,Male,103
Buck,Jesteco,buck_jesteco@gmail.com,Male,
Annabal,Trett,annabal_trett@gmail.com,Female,105
Trstram,Pilger,trstram_pilger@gmail.com,Male,
Leonidas,Corsan,leonidas_corsan@gmail.com,Male,101
Hilton,McIlheran,hilton_mcilheran@gmail.com,Male,105
Rafael,Howgego,rafael_howgego@gmail.com,Male,105
Rayshell,Pryell,rayshell_pryell@gmail.com,Female,
Dov,Emmanuele,dov_emmanuele@gmail.com,Male,
Beryle,Cobbin,beryle_cobbin@gmail.com,Female,101
Lezley,Spreadbury,lezley_spreadbury@gmail.com,Male,
Linnea,Kauble,linnea_kauble@gmail.com,Female,103
Sol,Dyshart,sol_dyshart@gmail.com,Male,104
Agosto,Nowak,agosto_nowak@gmail.com,Male,
Guglielmo,Bilton,guglielmo_bilton@gmail.com,Male,
Rodrick,Clutton,rodrick_clutton@gmail.com,Male,105
Monica,Labitt,monica_labitt@gmail.com,Bigender,
Maryanne,Purshouse,maryanne_purshouse@gmail.com,Female,
Agace,Rubroe,agace_rubroe@gmail.com,Female,101
Willamina,Demageard,willamina_demageard@gmail.com,Female,104
Solomon,Gwin,solomon_gwin@gmail.com,Male,101
Jed,Somerton,jed_somerton@gmail.com,Genderfluid,
Ileana,Dachs,ileana_dachs@gmail.com,Female,
Lindsey,Scantlebury,lindsey_scantlebury@gmail.com,Male,105
Marshall,Lergan,marshall_lergan@gmail.com,Genderqueer,
Kit,Moorman,kit_moorman@gmail.com,Male,104
Fransisco,Michelotti,fransisco_michelotti@gmail.com,Male,104
Gerti,Jervois,gerti_jervois@gmail.com,Female,104
Ernest,Pawelczyk,ernest_pawelczyk@gmail.com,Male,104
Pansy,Copsey,pansy_copsey@gmail.com,Female,102
Jena,Kivelle,jena_kivelle@gmail.com,Female,101
Bernie,Gonoude,bernie_gonoude@gmail.com,Male,105
Aurilia,McLanaghan,aurilia_mclanaghan@gmail.com,Female,101
Hewet,Farran,hewet_farran@gmail.com,Male,105
Jacky,Huxter,jacky_huxter@gmail.com,Male,
Kaleb,Deverall,kaleb_deverall@gmail.com,Male,104
Freddy,McQuade,freddy_mcquade@gmail.com,Male,103
Ulrikaumeko,Beteriss,ulrikaumeko_beteriss@gmail.com,Female,
Jodi,Gurner,jodi_gurner@gmail.com,Genderfluid,102
Mair,Skilbeck,mair_skilbeck@gmail.com,Genderqueer,101
Vlad,Aslin,vlad_aslin@gmail.com,Male,
Lari,Goldhawk,lari_goldhawk@gmail.com,Female,
Maurie,Magnus,maurie_magnus@gmail.com,Male,101
Kendall,Armand,kendall_armand@gmail.com,Male,
Georgena,Elverston,georgena_elverston@gmail.com,Female,101
Car,Metheringham,car_metheringham@gmail.com,Male,102
Norby,Dougal,norby_dougal@gmail.com,Male,
Frazier,Scougal,frazier_scougal@gmail.com,Male,105
Nisse,Spillett,nisse_spillett@gmail.com,Female,
Selestina,Burleton,selestina_burleton@gmail.com,Female,102
Archie,Bennitt,archie_bennitt@gmail.com,Male,104
Jeniece,Gannicott,jeniece_gannicott@gmail.com,Genderqueer,102
Veronika,Panting,veronika_panting@gmail.com,Female,
Clareta,Denge,clareta_denge@gmail.com,Female,
Thor,Jordi,thor_jordi@gmail.com,Male,
Claiborn,McKillop,claiborn_mckillop@gmail.com,Male,105
Elvis,Sadlier,elvis_sadlier@gmail.com,Male,101
Blair,Northley,blair_northley@gmail.com,Agender,101
Maxy,Bridgstock,maxy_bridgstock@gmail.com,Female,
Hersch,Eplate,hersch_eplate@gmail.com,Male,
Rickie,Sinnott,rickie_sinnott@gmail.com,Female,105
Catarina,Kahane,catarina_kahane@gmail.com,Female,101
Dolly,Tiebe,dolly_tiebe@gmail.com,Genderfluid,
Jeniece,McKaile,jeniece_mckaile@gmail.com,Female,
Marleen,Straine,marleen_straine@gmail.com,Female,104
Jaquenetta,Linley,jaquenetta_linley@gmail.com,Female,102
Irita,Claricoats,irita_claricoats@gmail.com,Female,
Milo,Penna,milo_penna@gmail.com,Male,
Alf,Edwinson,alf_edwinson@gmail.com,Male,105
Lulu,Ceschini,lulu_ceschini@gmail.com,Female,104
Erasmus,Trigg,erasmus_trigg@gmail.com,Male,105
Beltran,Crean,beltran_crean@gmail.com,Male,103
Devon,Renault,devon_renault@gmail.com,Female,104
Rab,Santon,rab_santon@gmail.com,Male,104
Giff,Scoggin,giff_scoggin@gmail.com,Male,102
Enriqueta,Stones,enriqueta_stones@gmail.com,Female,101
Lynna,Hanson,lynna_hanson@gmail.com,Female,103
Herb,Reddell,herb_reddell@gmail.com,Male,
Raynell,Goulder,raynell_goulder@gmail.com,Female,105
Livvie,Gyurkovics,livvie_gyurkovics@gmail.com,Female,101
Zandra,MacCaughey,zandra_maccaughey@gmail.com,Female,104
Letty,Bownde,letty_bownde@gmail.com,Genderfluid,104
Allister,Masterman,allister_masterman@gmail.com,Male,105
Benedikta,Jermyn,benedikta_jermyn@gmail.com,Female,
Augustus,Baggallay,augustus_baggallay@gmail.com,Male,103
Jacquette,Rhodef,jacquette_rhodef@gmail.com,Female,102
Khalil,McLae,khalil_mclae@gmail.com,Male,104
Elden,Penfold,elden_penfold@gmail.com,Male,101
Mariquilla,Graham,mariquilla_graham@gmail.com,Female,
Remy,Verissimo,remy_verissimo@gmail.com,Female,105
Gayler,Trounson,gayler_trounson@gmail.com,Male,
Fancy,Courcey,fancy_courcey@gmail.com,Female,103
Tedi,Dorian,tedi_dorian@gmail.com,Polygender,103
Charley,Blount,charley_blount@gmail.com,Male,102
Rodolfo,Pidduck,rodolfo_pidduck@gmail.com,Male,102
Vince,Headington,vince_headington@gmail.com,Male,
Wyndham,Wharf,wyndham_wharf@gmail.com,Male,102
Tania,McCawley,tania_mccawley@gmail.com,Female,103
Nona,Pantridge,nona_pantridge@gmail.com,Female,
Teresina,Bree,teresina_bree@gmail.com,Non-binary,
Marge,Beamond,marge_beamond@gmail.com,Female,104
Gradey,Orsay,gradey_orsay@gmail.com,Male,102
Cullin,Metterick,cullin_metterick@gmail.com,Male,105
Leanora,Temple,leanora_temple@gmail.com,Female,102
Barnard,Carik,barnard_carik@gmail.com,Male,105
Boony,Covotti,boony_covotti@gmail.com,Male,105
Clayton,Tyce,clayton_tyce@gmail.com,Male,
Hartwell,Trench,hartwell_trench@gmail.com,Male,105
Malina,Southgate,malina_southgate@gmail.com,Female,104
Stillmann,Winterbourne,stillmann_winterbourne@gmail.com,Male,
Everett,Eastup,everett_eastup@gmail.com,Male,
Purcell,Kemp,purcell_kemp@gmail.com,Male,101
Grange,Goldbourn,grange_goldbourn@gmail.com,Male,103
Mable,Masham,mable_masham@gmail.com,Female,
Antonetta,Gatherell,antonetta_gatherell@gmail.com,Female,101
Joana,Life,joana_life@gmail.com,Polygender,105
Waldon,Pilmer,waldon_pilmer@gmail.com,Male,101
Ardenia,Gianilli,ardenia_gianilli@gmail.com,Female,
Esme,Tunmore,esme_tunmore@gmail.com,Female,104
Jenny,Klass,jenny_klass@gmail.com,Female,101
Sisely,Cossam,sisely_cossam@gmail.com,Female,103
Courtney,Sandland,courtney_sandland@gmail.com,Bigender,101
Leigh,Horley,leigh_horley@gmail.com,Male,
Eloise,Jorczyk,eloise_jorczyk@gmail.com,Female,104
Kareem,Lovat,kareem_lovat@gmail.com,Male,102
Elston,Dorward,elston_dorward@gmail.com,Male,105
Matthiew,Cobbing,matthiew_cobbing@gmail.com,Male,
Letta,Palia,letta_palia@gmail.com,Female,
Normy,Grigorescu,normy_grigorescu@gmail.com,Male,
Loren,Pinilla,loren_pinilla@gmail.com,Male,103
Opaline,Hanalan,opaline_hanalan@gmail.com,Female,104
Vinni,Meyrick,vinni_meyrick@gmail.com,Female,104
Tiffanie,Mursell,tiffanie_mursell@gmail.com,Female,
Matilda,Belcham,matilda_belcham@gmail.com,Female,101
Maure,Brandom,maure_brandom@gmail.com,Female,102
Kelbee,Keddey,kelbee_keddey@gmail.com,Male,103
Godfrey,Pritty,godfrey_pritty@gmail.com,Male,
Emili,Isaacs,emili_isaacs@gmail.com,Female,104
Aeriela,Bus,aeriela_bus@gmail.com,Female,102
Parker,Shackleford,parker_shackleford@gmail.com,Male,103
Arch,Ellerey,arch_ellerey@gmail.com,Polygender,
Ali,Hansemann,ali_hansemann@gmail.com,Male,102
Son,Yanov,son_yanov@gmail.com,Male,101
Vinita,Husbands,vinita_husbands@gmail.com,Female,101
Derick,Shanklin,derick_shanklin@gmail.com,Male,103
Jacklyn,Munnis,jacklyn_munnis@gmail.com,Polygender,
Emanuele,Golledge,emanuele_golledge@gmail.com,Male,102
Ulrikaumeko,Ludovici,ulrikaumeko_ludovici@gmail.com,Female,
Esdras,Hawthorn,esdras_hawthorn@gmail.com,Male,
Myrwyn,Dermot,myrwyn_dermot@gmail.com,Male,104
Raphael,Peal,raphael_peal@gmail.com,Male,105
Simona,Dubique,simona_dubique@gmail.com,Female,104
Alasteir,McIver,alasteir_mciver@gmail.com,Male,105
Teodorico,Padillo,teodorico_padillo@gmail.com,Male,104
Clywd,Cherrison,clywd_cherrison@gmail.com,Male,102
Quent,Burress,quent_burress@gmail.com,Male,105
Peterus,Smolan,peterus_smolan@gmail.com,Male,104
Linoel,Pendlebery,linoel_pendlebery@gmail.com,Male,102
Vivyan,Knapper,vivyan_knapper@gmail.com,Female,
Fitz,Packington,fitz_packington@gmail.com,Male,102
Helli,Haugen,helli_haugen@gmail.com,Female,102
Shurlock,Cast,shurlock_cast@gmail.com,Male,105
Britney,Arkwright,britney_arkwright@gmail.com,Female,102
Natala,Cardinale,natala_cardinale@gmail.com,Female,104
Dede,Clemson,dede_clemson@gmail.com,Female,103
Milli,Thorouggood,milli_thorouggood@gmail.com,Female,
Bevan,Lutz,bevan_lutz@gmail.com,Male,104
Una,Leigh,una_leigh@gmail.com,Female,103
Jammal,Dwane,jammal_dwane@gmail.com,Male,104
Keeley,Alvaro,keeley_alvaro@gmail.com,Female,102
Bone,de Marco,bone_de marco@gmail.com,Male,
Ruperta,Windebank,ruperta_windebank@gmail.com,Female,
Eleonore,Maneylaws,eleonore_maneylaws@gmail.com,Female,104
Wendell,Kermon,wendell_kermon@gmail.com,Male,
Kathryne,Cheyenne,kathryne_cheyenne@gmail.com,Female,105
Raddie,Goodby,raddie_goodby@gmail.com,Male,102
Davin,Hysom,davin_hysom@gmail.com,Male,
Toiboid,Walwood,toiboid_walwood@gmail.com,Male,104
Lyell,Wyd,lyell_wyd@gmail.com,Male,103
Ty,Janicki,ty_janicki@gmail.com,Male,105
Alf,Eldred,alf_eldred@gmail.com,Male,
Salvador,Alsobrook,salvador_alsobrook@gmail.com,Male,
Geri,Tesyro,geri_tesyro@gmail.com,Female,104
See,Craise,see_craise@gmail.com,Male,103
Jorgan,MacLice,jorgan_maclice@gmail.com,Male,
Shirley,Melmeth,shirley_melmeth@gmail.com,Female,102
Tana,Aslett,tana_aslett@gmail.com,Female,104
Kelbee,Dicken,kelbee_dicken@gmail.com,Male,104
Jeremy,Tallet,jeremy_tallet@gmail.com,Male,
Meg,Cawdell,meg_cawdell@gmail.com,Female,
Hamel,Sinkins,hamel_sinkins@gmail.com,Bigender,102
Tatum,Wayon,tatum_wayon@gmail.com,Female,101
Maggie,Cohen,maggie_cohen@gmail.com,Female,
Fedora,Davsley,fedora_davsley@gmail.com,Female,103
Moishe,Chessill,moishe_chessill@gmail.com,Male,
Leonid,Wenn,leonid_wenn@gmail.com,Male,101
Lewiss,McAw,lewiss_mcaw@gmail.com,Male,104
Perla,Kurth,perla_kurth@gmail.com,Female,
Leo,Finnimore,leo_finnimore@gmail.com,Male,105
Kimble,Yakobovitz,kimble_yakobovitz@gmail.com,Male,103
Cindy,Rigolle,cindy_rigolle@gmail.com,Female,
Kathe,Caisley,kathe_caisley@gmail.com,Female,102
Padraig,Ochterlonie,padraig_ochterlonie@gmail.com,Male,102
Magdalen,Geldert,magdalen_geldert@gmail.com,Female,103
Quinn,Abdie,quinn_abdie@gmail.com,Female,104
Amy,Crosland,amy_crosland@gmail.com,Genderqueer,104
Barron,Speakman,barron_speakman@gmail.com,Male,
Woodrow,Beckers,woodrow_beckers@gmail.com,Male,
Arney,Tallet,arney_tallet@gmail.com,Male,102
Shandy,Vlasyuk,shandy_vlasyuk@gmail.com,Female,105
Stillman,Royste,stillman_royste@gmail.com,Male,
Lou,Alu,lou_alu@gmail.com,Male,101
Rodger,Mansuer,rodger_mansuer@gmail.com,Male,101
Merry,Mayo,merry_mayo@gmail.com,Male,103
Cory,Hillan,cory_hillan@gmail.com,Female,102
Leeland,Winfindale,leeland_winfindale@gmail.com,Male,104
Harriott,Skaid,harriott_skaid@gmail.com,Female,105
Agnesse,Tomkin,agnesse_tomkin@gmail.com,Female,
Vaughn,Kesley,vaughn_kesley@gmail.com,Male,
Anette,Curtis,anette_curtis@gmail.com,Female,101
Pinchas,Wagner,pinchas_wagner@gmail.com,Male,102
Rae,Felderer,rae_felderer@gmail.com,Female,103
Deck,De Hooge,deck_de hooge@gmail.com,Male,102
Cliff,Korb,cliff_korb@gmail.com,Male,102
Othilie,Slyford,othilie_slyford@gmail.com,Female,101
Englebert,Bradder,englebert_bradder@gmail.com,Male,104
Noak,Falla,noak_falla@gmail.com,Male,
Alexis,Abela,alexis_abela@gmail.com,Male,
Conny,Gammell,conny_gammell@gmail.com,Polygender,101
Kinsley,Hessenthaler,kinsley_hessenthaler@gmail.com,Male,104
Michael,Carlucci,michael_carlucci@gmail.com,Male,105
Emlyn,Mattimoe,emlyn_mattimoe@gmail.com,Female,103
Brigitte,Tomasian,brigitte_tomasian@gmail.com,Female,101
Jayme,Blaydon,jayme_blaydon@gmail.com,Genderqueer,
Giacinta,Dederich,giacinta_dederich@gmail.com,Female,103
Arlena,Mervyn,arlena_mervyn@gmail.com,Female,101
Webster,Labes,webster_labes@gmail.com,Male,104
Tripp,Truse,tripp_truse@gmail.com,Male,104
Aron,Veschi,aron_veschi@gmail.com,Male,
Barry,Stripling,barry_stripling@gmail.com,Female,105
Moyna,Sibray,moyna_sibray@gmail.com,Female,
Kally,Restorick,kally_restorick@gmail.com,Female,103
Rutger,Berndtssen,rutger_berndtssen@gmail.com,Genderfluid,
Linus,Hurrion,linus_hurrion@gmail.com,Male,101
Georgetta,Regnard,georgetta_regnard@gmail.com,Female,101
Mikel,Huller,mikel_huller@gmail.com,Male,103
Hyacintha,Legonidec,hyacintha_legonidec@gmail.com,Female,
Jeannette,Huard,jeannette_huard@gmail.com,Female,
Verina,Rammell,verina_rammell@gmail.com,Female,101
Frederico,Tramel,frederico_tramel@gmail.com,Male,105
Jeannette,Rosone,jeannette_rosone@gmail.com,Female,
Garrick,Yates,garrick_yates@gmail.com,Male,104
Barbee,Fealey,barbee_fealey@gmail.com,Female,105
Alonzo,Ashleigh,alonzo_ashleigh@gmail.com,Male,102
Cristie,Cutting,cristie_cutting@gmail.com,Female,
Hyatt,Shortt,hyatt_shortt@gmail.com,Male,101
Portie,Stalman,portie_stalman@gmail.com,Male,
Durward,Scapens,durward_scapens@gmail.com,Genderfluid,105
Aldridge,Crinidge,aldridge_crinidge@gmail.com,Male,101
Dori,Balcers,dori_balcers@gmail.com,Female,102
Lilly,Summersett,lilly_summersett@gmail.com,Genderfluid,103
Lexis,Taggerty,lexis_taggerty@gmail.com,Female,101
Claybourne,Salzburg,claybourne_salzburg@gmail.com,Male,104
Aubrette,Kahler,aubrette_kahler@gmail.com,Female,
Sue,Eykelhof,sue_eykelhof@gmail.com,Female,
Jacinda,Deniset,jacinda_deniset@gmail.com,Female,103
Roanne,Ellice,roanne_ellice@gmail.com,Female,104
Emmeline,Malamore,emmeline_malamore@gmail.com,Female,105
Myles,McCroft,myles_mccroft@gmail.com,Male,104
Waiter,Cohr,waiter_cohr@gmail.com,Male,
Reagan,Riddoch,reagan_riddoch@gmail.com,Male,102
Trey,Wicklin,trey_wicklin@gmail.com,Male,
Hammad,Terrett,hammad_terrett@gmail.com,Male,
Burt,Keaton,burt_keaton@gmail.com,Male,104
Kirbee,Mahy,kirbee_mahy@gmail.com,Female,104
Sarette,Cuxon,sarette_cuxon@gmail.com,Female,105
Prudy,Spadollini,prudy_spadollini@gmail.com,Female,102
Bary,Sheal,bary_sheal@gmail.com,Male,103
June,Phillput,june_phillput@gmail.com,Female,105
Linn,Simmins,linn_simmins@gmail.com,Male,102
Timmie,Ride,timmie_ride@gmail.com,Male,104
Urbain,Jinks,urbain_jinks@gmail.com,Male,101
Giana,Dulanty,giana_dulanty@gmail.com,Female,
Bald,Peskin,bald_peskin@gmail.com,Male,102
Onida,Standage,onida_standage@gmail.com,Female,101
Krysta,Aldgate,krysta_aldgate@gmail.com,Female,103
Randie,Handlin,randie_handlin@gmail.com,Genderqueer,104
Sandy,Blackett,sandy_blackett@gmail.com,Male,
Melitta,Goomes,melitta_goomes@gmail.com,Female,104
Errol,Beiderbecke,errol_beiderbecke@gmail.com,Male,105
Carmelia,Harpham,carmelia_harpham@gmail.com,Female,103
Quint,O'Doohaine,quint_o'doohaine@gmail.com,Male,104
Sal,Kimmerling,sal_kimmerling@gmail.com,Male,
Gil,Dockray,gil_dockray@gmail.com,Male,
Cordey,Francom,cordey_francom@gmail.com,Female,104
Mellie,Munby,mellie_munby@gmail.com,Female,104
Talbot,Janjusevic,talbot_janjusevic@gmail.com,Male,101
Armando,Attwoull,armando_attwoull@gmail.com,Male,103
Afton,Darrel,afton_darrel@gmail.com,Female,105
Kaylil,Quipp,kaylil_quipp@gmail.com,Female,103
Kyle,Conrart,kyle_conrart@gmail.com,Female,104
Carolynn,Artharg,carolynn_artharg@gmail.com,Female,102
Vivie,Elsom,vivie_elsom@gmail.com,Female,102
Gabie,Amdohr,gabie_amdohr@gmail.com,Male,
Brice,Sibthorp,brice_sibthorp@gmail.com,Male,
Ingrim,Abbets,ingrim_abbets@gmail.com,Male,104
Abdel,Spreull,abdel_spreull@gmail.com,Male,104
Jerrold,Bruno,jerrold_bruno@gmail.com,Male,101
Daryl,Rains,daryl_rains@gmail.com,Female,
Viole,Haire,viole_haire@gmail.com,Female,
Mathias,Burnyate,mathias_burnyate@gmail.com,Male,102
Demetrius,Wynn,demetrius_wynn@gmail.com,Male,103
Vite,Jikylls,vite_jikylls@gmail.com,Genderfluid,105
Aila,Ruckledge,aila_ruckledge@gmail.com,Bigender,105
Kristoforo,O'Nions,kristoforo_o'nions@gmail.com,Male,104
Clemens,Edgerton,clemens_edgerton@gmail.com,Non-binary,103
Belia,Pope,belia_pope@gmail.com,Female,
Donelle,Bocking,donelle_bocking@gmail.com,Female,102
Milissent,Leile,milissent_leile@gmail.com,Genderfluid,105
Pavla,Soeiro,pavla_soeiro@gmail.com,Non-binary,103
Jamie,Buessen,jamie_buessen@gmail.com,Male,101
Alexandros,Bidgod,alexandros_bidgod@gmail.com,Non-binary,104
Helli,Yanson,helli_yanson@gmail.com,Female,105
Skippy,Keys,skippy_keys@gmail.com,Male,102
Kaile,Shorbrook,kaile_shorbrook@gmail.com,Female,105
Sheba,Lowndsborough,sheba_lowndsborough@gmail.com,Female,105
Flint,Tompkinson,flint_tompkinson@gmail.com,Male,104
Sanderson,Anneslie,sanderson_anneslie@gmail.com,Male,104
Venus,Fifoot,venus_fifoot@gmail.com,Female,102
Cristabel,Hasloch,cristabel_hasloch@gmail.com,Female,101
Celestine,Tofful,celestine_tofful@gmail.com,Female,103
Annemarie,Sargent,annemarie_sargent@gmail.com,Female,101
Vladimir,Fessby,vladimir_fessby@gmail.com,Male,101
Napoleon,Taleworth,napoleon_taleworth@gmail.com,Male,
Terence,Huggard,terence_huggard@gmail.com,Male,104
Cloris,De Giorgis,cloris_de giorgis@gmail.com,Female,101
Rogers,Adams,rogers_adams@gmail.com,Male,103
Dimitry,Bonnett,dimitry_bonnett@gmail.com,Male,103
Paulette,Danielsohn,paulette_danielsohn@gmail.com,Female,104
Jeddy,Suscens,jeddy_suscens@gmail.com,Male,103
Clevey,Penn,clevey_penn@gmail.com,Male,101
Storm,Mounfield,storm_mounfield@gmail.com,Female,101
Pearce,McArdell,pearce_mcardell@gmail.com,Male,103
Lester,Fatscher,lester_fatscher@gmail.com,Genderfluid,
Dael,Ripley,dael_ripley@gmail.com,Male,
Judith,Edsall,judith_edsall@gmail.com,Female,104
Gayle,Frensch,gayle_frensch@gmail.com,Genderqueer,105
Anselma,Rawcliffe,anselma_rawcliffe@gmail.com,Female,105
Kyle,Frapwell,kyle_frapwell@gmail.com,Female,104
Emelyne,Kernock,emelyne_kernock@gmail.com,Genderfluid,102
Elton,Dalziel,elton_dalziel@gmail.com,Male,
Britt,Gheerhaert,britt_gheerhaert@gmail.com,Female,104
Nickey,Britto,nickey_britto@gmail.com,Male,101
Humbert,Arrigo,humbert_arrigo@gmail.com,Male,101
Lindsy,Morrant,lindsy_morrant@gmail.com,Female,103
Grady,Gland,grady_gland@gmail.com,Male,105
Doria,Sollam,doria_sollam@gmail.com,Female,
Sherline,Tomczykiewicz,sherline_tomczykiewicz@gmail.com,Female,
Pavel,Slorance,pavel_slorance@gmail.com,Male,102
Elianore,Babonau,elianore_babonau@gmail.com,Female,104
Carry,Cassella,carry_cassella@gmail.com,Female,102
Mayne,Alliberton,mayne_alliberton@gmail.com,Male,
Jeniffer,McQueen,jeniffer_mcqueen@gmail.com,Female,102
Fredia,Mayne,fredia_mayne@gmail.com,Female,
Helge,Senescall,helge_senescall@gmail.com,Agender,
Reinald,Metrick,reinald_metrick@gmail.com,Male,102
Tawnya,Finicj,tawnya_finicj@gmail.com,Female,101
Dory,Baude,dory_baude@gmail.com,Male,
Pamela,Skoyles,pamela_skoyles@gmail.com,Genderfluid,104
Myrtle,Dami,myrtle_dami@gmail.com,Female,101
Beau,Barhams,beau_barhams@gmail.com,Male,101
Flossi,Hollow,flossi_hollow@gmail.com,Female,104
Demetri,Brundell,demetri_brundell@gmail.com,Male,
Benedikt,Kydde,benedikt_kydde@gmail.com,Male,102
Bartel,Draco,bartel_draco@gmail.com,Male,
Cesare,Ralls,cesare_ralls@gmail.com,Male,
Joanna,Gieves,joanna_gieves@gmail.com,Female,102
Eustacia,Bugdale,eustacia_bugdale@gmail.com,Female,101
Kay,Revan,kay_revan@gmail.com,Female,101
Cynthia,Becerra,cynthia_becerra@gmail.com,Female,
Gradey,Mc Andrew,gradey_mc andrew@gmail.com,Male,
Donielle,Dalgarno,donielle_dalgarno@gmail.com,Female,105
Ulises,Ravelus,ulises_ravelus@gmail.com,Male,
Dilly,Harbach,dilly_harbach@gmail.com,Male,105
Lacey,Insley,lacey_insley@gmail.com,Female,
Lief,Beincken,lief_beincken@gmail.com,Male,101
Emile,Catmull,emile_catmull@gmail.com,Male,103
Jobye,Andrelli,jobye_andrelli@gmail.com,Female,105
Valma,Jimmes,valma_jimmes@gmail.com,Female,102
Fancie,Bissex,fancie_bissex@gmail.com,Female,102
Annmarie,Lampet,annmarie_lampet@gmail.com,Female,103
Joshuah,Gaffey,joshuah_gaffey@gmail.com,Male,
Chandra,Kobu,chandra_kobu@gmail.com,Polygender,
Vance,Riordan,vance_riordan@gmail.com,Male,105
Herrick,Caccavella,herrick_caccavella@gmail.com,Polygender,104
Harlan,Harding,harlan_harding@gmail.com,Male,104
Jessie,Ciraldo,jessie_ciraldo@gmail.com,Female,103
Jules,Priestnall,jules_priestnall@gmail.com,Male,104
Aguistin,Dreini,aguistin_dreini@gmail.com,Male,
Kathe,Bust,kathe_bust@gmail.com,Female,
Brockie,Idney,brockie_idney@gmail.com,Polygender,104
Rodrique,Broe,rodrique_broe@gmail.com,Male,
Sherye,Tookill,sherye_tookill@gmail.com,Female,
Lyndy,Retchless,lyndy_retchless@gmail.com,Female,101
Georgina,Laughlan,georgina_laughlan@gmail.com,Female,
Camila,Chantrell,camila_chantrell@gmail.com,Female,
Dael,Sichardt,dael_sichardt@gmail.com,Genderfluid,104
Tamma,Borland,tamma_borland@gmail.com,Female,102
Lorry,Brockman,lorry_brockman@gmail.com,Male,
Skipp,Cordey,skipp_cordey@gmail.com,Bigender,
Andres,Pardey,andres_pardey@gmail.com,Male,101
Jobye,Pennini,jobye_pennini@gmail.com,Agender,105
Franny,Nealey,franny_nealey@gmail.com,Female,
Rubetta,Sennett,rubetta_sennett@gmail.com,Female,102
Raina,Hatfield,raina_hatfield@gmail.com,Genderqueer,102
Bethany,Rosengren,bethany_rosengren@gmail.com,Female,104
Allan,Dudeney,allan_dudeney@gmail.com,Male,105
Shirline,Samme,shirline_samme@gmail.com,Female,103
Thorpe,Iddiens,thorpe_iddiens@gmail.com,Male,103
Lukas,Cowlard,lukas_cowlard@gmail.com,Male,
Slade,Coleford,slade_coleford@gmail.com,Male,105
Jervis,Zanetto,jervis_zanetto@gmail.com,Bigender,103
Pearl,Alyukin,pearl_alyukin@gmail.com,Female,103
Portie,Roeby,portie_roeby@gmail.com,Male,103
Wallis,Verlander,wallis_verlander@gmail.com,Bigender,103
Sisely,Bilovsky,sisely_bilovsky@gmail.com,Female,105
Dana,McIlwreath,dana_mcilwreath@gmail.com,Male,102
Garrot,Klementz,garrot_klementz@gmail.com,Polygender,103
Vance,Epple,vance_epple@gmail.com,Male,105
Mallory,Bedberry,mallory_bedberry@gmail.com,Male,
Georgeanne,Meneo,georgeanne_meneo@gmail.com,Female,
Patti,Kiebes,patti_kiebes@gmail.com,Female,
Ariel,Pfeffle,ariel_pfeffle@gmail.com,Male,103
Elna,Goldingay,elna_goldingay@gmail.com,Polygender,
Andy,Robertucci,andy_robertucci@gmail.com,Male,
Abel,Shawdforth,abel_shawdforth@gmail.com,Male,104
Diahann,Fleckney,diahann_fleckney@gmail.com,Female,105
Dicky,Gullberg,dicky_gullberg@gmail.com,Male,105
Darya,Fourman,darya_fourman@gmail.com,Female,
Carlo,Kennerknecht,carlo_kennerknecht@gmail.com,Male,102
Abbe,Paulat,abbe_paulat@gmail.com,Female,
Linell,Ipsley,linell_ipsley@gmail.com,Bigender,101
Joan,Miner,joan_miner@gmail.com,Female,105
Leann,Lightwood,leann_lightwood@gmail.com,Female,101
Garwin,Breawood,garwin_breawood@gmail.com,Male,105
Cyrus,Semrad,cyrus_semrad@gmail.com,Male,104
Wynny,Meagher,wynny_meagher@gmail.com,Female,104
Jehanna,Strettle,jehanna_strettle@gmail.com,Female,
Husain,Poulsum,husain_poulsum@gmail.com,Male,103
Fernanda,Mackstead,fernanda_mackstead@gmail.com,Female,105
Carri,Sliney,carri_sliney@gmail.com,Female,105
Ailis,Sharples,ailis_sharples@gmail.com,Agender,105
Sibilla,Polon,sibilla_polon@gmail.com,Female,105
Rodi,Pedley,rodi_pedley@gmail.com,Female,103
Rosita,Cram,rosita_cram@gmail.com,Female,
Westleigh,Flageul,westleigh_flageul@gmail.com,Male,105
Joly,Darlington,joly_darlington@gmail.com,Female,
Felicio,Bartel,felicio_bartel@gmail.com,Male,101
Ginger,Carlozzi,ginger_carlozzi@gmail.com,Male,102
Mel,Karpe,mel_karpe@gmail.com,Non-binary,103
Dolph,Dagg,dolph_dagg@gmail.com,Male,
Arlinda,Stainson,arlinda_stainson@gmail.com,Female,104
Antonetta,Dackombe,antonetta_dackombe@gmail.com,Female,103
Everard,Fowler,everard_fowler@gmail.com,Male,
Dugald,Casino,dugald_casino@gmail.com,Male,104
Quinn,Lovelace,quinn_lovelace@gmail.com,Female,
Rosa,Ellerbeck,rosa_ellerbeck@gmail.com,Female,103
Rourke,Pretor,rourke_pretor@gmail.com,Bigender,103
Leshia,Dolby,leshia_dolby@gmail.com,Female,105
Thomasa,Klimentyonok,thomasa_klimentyonok@gmail.com,Female,104
Charleen,Herrema,charleen_herrema@gmail.com,Female,
Fritz,MacGaughy,fritz_macgaughy@gmail.com,Male,
Morty,Swidenbank,morty_swidenbank@gmail.com,Male,
Pepillo,Fortin,pepillo_fortin@gmail.com,Male,
Rhodia,Wardrope,rhodia_wardrope@gmail.com,Female,105
Ellis,Orchard,ellis_orchard@gmail.com,Male,
Gwenette,Creebo,gwenette_creebo@gmail.com,Female,102
Park,Galvin,park_galvin@gmail.com,Male,101
Cory,Sparsholt,cory_sparsholt@gmail.com,Female,104
Demetris,Whye,demetris_whye@gmail.com,Male,
Ebenezer,Yates,ebenezer_yates@gmail.com,Male,101
Celinka,Chalfain,celinka_chalfain@gmail.com,Female,103
Lanny,Brazel,lanny_brazel@gmail.com,Bigender,
Curt,Connar,curt_connar@gmail.com,Male,102
Martguerita,Banister,martguerita_banister@gmail.com,Female,103
Pam,Haseman,pam_haseman@gmail.com,Female,103
Dolorita,Weinham,dolorita_weinham@gmail.com,Female,
Henriette,Kirley,henriette_kirley@gmail.com,Female,103
Graeme,Muckley,graeme_muckley@gmail.com,Male,
Tabby,Kemmons,tabby_kemmons@gmail.com,Female,105
Nat,Hawkslee,nat_hawkslee@gmail.com,Male,102
Jilli,Jzak,jilli_jzak@gmail.com,Female,105
Terencio,Hunnaball,terencio_hunnaball@gmail.com,Male,101
Fitz,Dunkerley,fitz_dunkerley@gmail.com,Male,104
Daryle,Paule,daryle_paule@gmail.com,Genderqueer,
Genna,Arnke,genna_arnke@gmail.com,Female,103
Marty,Mullins,marty_mullins@gmail.com,Female,102
Dill,Wimlett,dill_wimlett@gmail.com,Male,
Cindra,Mc Elory,cindra_mc elory@gmail.com,Female,
Nathanael,Esgate,nathanael_esgate@gmail.com,Male,104
Zelma,Haw,zelma_haw@gmail.com,Female,103
Maxy,Fallows,maxy_fallows@gmail.com,Agender,104
Inigo,Welling,inigo_welling@gmail.com,Male,
Payton,O'Mara,payton_o'mara@gmail.com,Male,103
Rodolph,Sandcraft,rodolph_sandcraft@gmail.com,Male,105
Munroe,Leamy,munroe_leamy@gmail.com,Male,
Banky,Colclough,banky_colclough@gmail.com,Male,
Armstrong,Copnar,armstrong_copnar@gmail.com,Male,104
Sabina,Lieber,sabina_lieber@gmail.com,Female,102
Frazer,Minards,frazer_minards@gmail.com,Male,
Gottfried,Pellington,gottfried_pellington@gmail.com,Genderqueer,
Englebert,Georgiades,englebert_georgiades@gmail.com,Genderfluid,103
Ulrikaumeko,Bensusan,ulrikaumeko_bensusan@gmail.com,Polygender,104
Al,MacAllan,al_macallan@gmail.com,Male,104
Sig,Matteau,sig_matteau@gmail.com,Agender,102
Wayland,Byfield,wayland_byfield@gmail.com,Male,103
Hamil,Ridley,hamil_ridley@gmail.com,Male,
Woody,Forde,woody_forde@gmail.com,Male,
Coop,Gloyens,coop_gloyens@gmail.com,Male,101
Hinze,O' Hern,hinze_o' hern@gmail.com,Male,
Cherey,Rumin,cherey_rumin@gmail.com,Female,102
Ida,O'Hickey,ida_o'hickey@gmail.com,Female,101
Juliann,Thomerson,juliann_thomerson@gmail.com,Non-binary,104
Carlynne,Kirkup,carlynne_kirkup@gmail.com,Female,103
Garrik,Jinkins,garrik_jinkins@gmail.com,Male,104
Gustie,Eddolls,gustie_eddolls@gmail.com,Female,103
Gideon,Halliday,gideon_halliday@gmail.com,Non-binary,102
Fabien,Kimbly,fabien_kimbly@gmail.com,Male,
Farah,Ishchenko,farah_ishchenko@gmail.com,Female,103
Algernon,Beumant,algernon_beumant@gmail.com,Male,102
Luciana,Kinsman,luciana_kinsman@gmail.com,Female,
Conan,Harcus,conan_harcus@gmail.com,Male,
Morris,Curragh,morris_curragh@gmail.com,Genderfluid,105
Frederica,D'Almeida,frederica_d'almeida@gmail.com,Female,105
Pansy,Godball,pansy_godball@gmail.com,Female,
Blanca,Ivanov,blanca_ivanov@gmail.com,Female,101
Zachery,Twaits,zachery_twaits@gmail.com,Male,105
Matthaeus,Jeans,matthaeus_jeans@gmail.com,Male,105
Eduino,Menchenton,eduino_menchenton@gmail.com,Male,103
Mary,Inglis,mary_inglis@gmail.com,Female,103
Arlyne,Utton,arlyne_utton@gmail.com,Female,102
Anny,Keble,anny_keble@gmail.com,Female,103
Natividad,Hadcock,natividad_hadcock@gmail.com,Female,102
Channa,Gollard,channa_gollard@gmail.com,Female,103
Cal,Raggles,cal_raggles@gmail.com,Male,
Hazel,Authers,hazel_authers@gmail.com,Male,104
Cora,Oty,cora_oty@gmail.com,Female,105
Knox,Craister,knox_craister@gmail.com,Male,102
Morgana,Aynscombe,morgana_aynscombe@gmail.com,Female,
Orrin,Josofovitz,orrin_josofovitz@gmail.com,Male,
Paxon,MacCrachen,paxon_maccrachen@gmail.com,Male,105
Dario,Rohloff,dario_rohloff@gmail.com,Male,
Bendite,Harrell,bendite_harrell@gmail.com,Female,102
Daren,Bowater,daren_bowater@gmail.com,Male,
Joletta,Wrotham,joletta_wrotham@gmail.com,Bigender,104
Alexandro,Sly,alexandro_sly@gmail.com,Male,102
Baird,Suscens,baird_suscens@gmail.com,Male,
Carleton,Bouchard,carleton_bouchard@gmail.com,Male,
Johnna,MacNeill,johnna_macneill@gmail.com,Female,101
Gabbie,Delucia,gabbie_delucia@gmail.com,Male,104
Tobey,Harmes,tobey_harmes@gmail.com,Female,
Darlleen,Zeal,darlleen_zeal@gmail.com,Female,103
Cristian,Alven,cristian_alven@gmail.com,Male,
Natasha,Waldron,natasha_waldron@gmail.com,Female,102
Nikita,Venditto,nikita_venditto@gmail.com,Male,105
Trudy,Garrow,trudy_garrow@gmail.com,Female,105
Mil,Hebble,mil_hebble@gmail.com,Female,
Arthur,Ribey,arthur_ribey@gmail.com,Male,101
Felipa,Wileman,felipa_wileman@gmail.com,Female,103
Demetria,Rainford,demetria_rainford@gmail.com,Female,105
Hildy,Reisin,hildy_reisin@gmail.com,Female,
Merry,Whatham,merry_whatham@gmail.com,Female,101
Latashia,Tittershill,latashia_tittershill@gmail.com,Female,
Sylvia,Ratie,sylvia_ratie@gmail.com,Female,
Ebonee,Gosforth,ebonee_gosforth@gmail.com,Female,105
Babara,Kilbride,babara_kilbride@gmail.com,Female,102
Hersch,Wagnerin,hersch_wagnerin@gmail.com,Male,102
Irita,Jeves,irita_jeves@gmail.com,Female,
Hughie,Rosnau,hughie_rosnau@gmail.com,Male,104
Letizia,Hightown,letizia_hightown@gmail.com,Female,
Daphna,Neles,daphna_neles@gmail.com,Female,
Zita,Brosenius,zita_brosenius@gmail.com,Female,103
Garrik,Lefeuvre,garrik_lefeuvre@gmail.com,Male,
Hakeem,Kitchingman,hakeem_kitchingman@gmail.com,Male,
Oliver,Snalham,oliver_snalham@gmail.com,Male,103
Alfredo,Charley,alfredo_charley@gmail.com,Male,104
Glynnis,Papis,glynnis_papis@gmail.com,Female,
Sherlocke,Blackney,sherlocke_blackney@gmail.com,Male,
Corliss,Cantua,corliss_cantua@gmail.com,Female,102
Theo,Rosenzwig,theo_rosenzwig@gmail.com,Female,
Vladimir,Merman,vladimir_merman@gmail.com,Genderqueer,
Meredith,Morlon,meredith_morlon@gmail.com,Male,105
Yetta,Cousen,yetta_cousen@gmail.com,Female,103
Alyda,Echlin,alyda_echlin@gmail.com,Female,103
Rick,Benois,rick_benois@gmail.com,Male,101
Rodrigo,Hellmer,rodrigo_hellmer@gmail.com,Male,103
Lisette,Grocott,lisette_grocott@gmail.com,Female,105
Bibbye,Garlick,bibbye_garlick@gmail.com,Female,104
Abigale,Horsburgh,abigale_horsburgh@gmail.com,Agender,
Durward,Bradden,durward_bradden@gmail.com,Male,103
Luca,McGorley,luca_mcgorley@gmail.com,Male,103
Celestyn,Knightsbridge,celestyn_knightsbridge@gmail.com,Female,
Billie,Dominguez,billie_dominguez@gmail.com,Male,103
Thebault,Longdon,thebault_longdon@gmail.com,Male,101
Averil,Writer,averil_writer@gmail.com,Female,104
Kristine,Shillito,kristine_shillito@gmail.com,Female,
Hart,Merigon,hart_merigon@gmail.com,Male,101
Gustav,Skynner,gustav_skynner@gmail.com,Male,101
Berny,Shoebotham,berny_shoebotham@gmail.com,Female,105
Kettie,Shackleford,kettie_shackleford@gmail.com,Female,103
Thomas,Gerckens,thomas_gerckens@gmail.com,Male,
Linoel,Lowther,linoel_lowther@gmail.com,Male,105
Tiff,Shird,tiff_shird@gmail.com,Female,104
Magda,Autry,magda_autry@gmail.com,Female,
Hermann,Mate,hermann_mate@gmail.com,Male,103
Gabriellia,Sancto,gabriellia_sancto@gmail.com,Female,102
Meggi,Tottem,meggi_tottem@gmail.com,Female,
Ivette,O'Dea,ivette_o'dea@gmail.com,Female,101
Dorena,Duiguid,dorena_duiguid@gmail.com,Female,104
Lamont,Coe,lamont_coe@gmail.com,Male,
Wyatan,Bannard,wyatan_bannard@gmail.com,Male,102
Jonas,Starmont,jonas_starmont@gmail.com,Male,105
Melisandra,Dadswell,melisandra_dadswell@gmail.com,Female,101
Tammie,McGarrity,tammie_mcgarrity@gmail.com,Male,103
Pip,Tytler,pip_tytler@gmail.com,Male,103
Hermy,Bugge,hermy_bugge@gmail.com,Agender,102
Patricia,Culwen,patricia_culwen@gmail.com,Female,105
Keriann,Lowen,keriann_lowen@gmail.com,Female,104
Arni,Orth,arni_orth@gmail.com,Male,103
Lief,Pecht,lief_pecht@gmail.com,Male,104
Dunc,Neller,dunc_neller@gmail.com,Male,103
Wernher,Le Fevre,wernher_le fevre@gmail.com,Male,105
Donni,Rableau,donni_rableau@gmail.com,Polygender,
Diahann,Stockdale,diahann_stockdale@gmail.com,Female,104
Benedikta,Longson,benedikta_longson@gmail.com,Female,104
Filberte,Flaherty,filberte_flaherty@gmail.com,Male,
Coretta,Trebilcock,coretta_trebilcock@gmail.com,Female,
Mac,Scales,mac_scales@gmail.com,Male,
Kaylyn,Drance,kaylyn_drance@gmail.com,Female,104
Tiertza,Cashman,tiertza_cashman@gmail.com,Female,105
Kesley,Prosch,kesley_prosch@gmail.com,Female,
Imojean,Blincowe,imojean_blincowe@gmail.com,Female,104
Silas,Mille,silas_mille@gmail.com,Male,103
Jordan,Stallion,jordan_stallion@gmail.com,Male,
Phil,Kirtland,phil_kirtland@gmail.com,Male,104
Ugo,Siccombe,ugo_siccombe@gmail.com,Male,104
Raquela,Oleksiak,raquela_oleksiak@gmail.com,Female,
Mathian,Clace,mathian_clace@gmail.com,Male,
Sybilla,Jeyes,sybilla_jeyes@gmail.com,Female,104
Arabele,Cordon,arabele_cordon@gmail.com,Female,
Byrle,Sigge,byrle_sigge@gmail.com,Male,102
Deloria,Frears,deloria_frears@gmail.com,Female,105
Isa,Khomishin,isa_khomishin@gmail.com,Male,
Deny,Ruggs,deny_ruggs@gmail.com,Polygender,
Aldous,Jowle,aldous_jowle@gmail.com,Male,
Sharlene,Collington,sharlene_collington@gmail.com,Agender,
Langsdon,Bosquet,langsdon_bosquet@gmail.com,Non-binary,103
Nickolas,Lawles,nickolas_lawles@gmail.com,Male,
Ariadne,Chrstine,ariadne_chrstine@gmail.com,Female,104
Cymbre,Magee,cymbre_magee@gmail.com,Genderfluid,105
Rossie,Capineer,rossie_capineer@gmail.com,Male,103
Martie,Martynikhin,martie_martynikhin@gmail.com,Male,104
Ray,Najera,ray_najera@gmail.com,Female,
Salli,Nowakowski,salli_nowakowski@gmail.com,Female,104
Granny,Pickard,granny_pickard@gmail.com,Male,
Trueman,Tewkesberry,trueman_tewkesberry@gmail.com,Male,104
Hestia,Elner,hestia_elner@gmail.com,Non-binary,
Cynde,Keddle,cynde_keddle@gmail.com,Female,102
Arv,Hacaud,arv_hacaud@gmail.com,Male,101
Collin,Bolstridge,collin_bolstridge@gmail.com,Male,104
Angeli,Tafani,angeli_tafani@gmail.com,Bigender,104
Esme,Frankom,esme_frankom@gmail.com,Female,103
Inesita,Bartolijn,inesita_bartolijn@gmail.com,Female,
Laurette,Cammiemile,laurette_cammiemile@gmail.com,Female,101
Ronica,Menham,ronica_menham@gmail.com,Female,101
Bentley,Coulling,bentley_coulling@gmail.com,Male,
Baird,Toffanini,baird_toffanini@gmail.com,Male,101
Mira,Gascoine,mira_gascoine@gmail.com,Female,104
Brandy,Lifsey,brandy_lifsey@gmail.com,Agender,
Tersina,Galland,tersina_galland@gmail.com,Female,
Rhett,Cawthorne,rhett_cawthorne@gmail.com,Male,105
Gaelan,Bedward,gaelan_bedward@gmail.com,Male,
Geri,Pennazzi,geri_pennazzi@gmail.com,Male,104
Ulysses,Mendus,ulysses_mendus@gmail.com,Male,101
Kingsley,Stowers,kingsley_stowers@gmail.com,Male,104
Hebert,Clavering,hebert_clavering@gmail.com,Male,
Verna,Billington,verna_billington@gmail.com,Female,
Lynnea,Stannion,lynnea_stannion@gmail.com,Female,101
Mireielle,Gaspar,mireielle_gaspar@gmail.com,Genderqueer,
Chariot,Trouncer,chariot_trouncer@gmail.com,Male,104
Burk,Grassin,burk_grassin@gmail.com,Genderqueer,105
Esteban,Flewan,esteban_flewan@gmail.com,Male,103
Yovonnda,Presdee,yovonnda_presdee@gmail.com,Female,
Cary,Jachtym,cary_jachtym@gmail.com,Female,
Trix,Cornewall,trix_cornewall@gmail.com,Female,
Lydie,Tothacot,lydie_tothacot@gmail.com,Female,
Bald,Passe,bald_passe@gmail.com,Male,103
Bobbye,Janczewski,bobbye_janczewski@gmail.com,Female,101
Margit,Svanetti,margit_svanetti@gmail.com,Female,
Richmound,Pollington,richmound_pollington@gmail.com,Male,105
Nickolaus,Ick,nickolaus_ick@gmail.com,Male,
Mack,Blair,mack_blair@gmail.com,Male,102
Ashly,Cumo,ashly_cumo@gmail.com,Female,101
Tymon,Skelhorn,tymon_skelhorn@gmail.com,Male,103
Broderick,Nottram,broderick_nottram@gmail.com,Male,
Corrinne,Brookzie,corrinne_brookzie@gmail.com,Female,104
Kalinda,Reinhardt,kalinda_reinhardt@gmail.com,Agender,104
Kenny,Semrad,kenny_semrad@gmail.com,Male,105
Steffen,Lanceter,steffen_lanceter@gmail.com,Male,
Edsel,Pattingson,edsel_pattingson@gmail.com,Male,
Traver,Norfolk,traver_norfolk@gmail.com,Genderqueer,103
Gorden,Appleyard,gorden_appleyard@gmail.com,Male,101
Erwin,Isaac,erwin_isaac@gmail.com,Male,105
Giacobo,Hamm,giacobo_hamm@gmail.com,Male,103
Corbett,Dickinson,corbett_dickinson@gmail.com,Male,102
Karen,Skittles,karen_skittles@gmail.com,Female,105
Giraud,Ralphs,giraud_ralphs@gmail.com,Male,105
Annabell,Slowley,annabell_slowley@gmail.com,Female,105
Melany,Cronshaw,melany_cronshaw@gmail.com,Female,
Veda,Philippault,veda_philippault@gmail.com,Agender,105
Mahmoud,Bimson,mahmoud_bimson@gmail.com,Male,
Romeo,Piotr,romeo_piotr@gmail.com,Male,102
Sandy,Gregorio,sandy_gregorio@gmail.com,Female,
Woodman,Cleevely,woodman_cleevely@gmail.com,Male,103
Rocky,Poznan,rocky_poznan@gmail.com,Male,104
Emanuel,Espino,emanuel_espino@gmail.com,Male,102
Debera,Helleckas,debera_helleckas@gmail.com,Female,101
Bentlee,Housin,bentlee_housin@gmail.com,Male,105
Neddie,Everard,neddie_everard@gmail.com,Male,104
Donny,Newart,donny_newart@gmail.com,Female,103
Cullin,Moulton,cullin_moulton@gmail.com,Male,
Luelle,Balling,luelle_balling@gmail.com,Female,102
Amandy,McClarence,amandy_mcclarence@gmail.com,Female,105
Mabelle,Duncan,mabelle_duncan@gmail.com,Female,101
Basilius,Risley,basilius_risley@gmail.com,Male,105
Farrand,Oakey,farrand_oakey@gmail.com,Female,104
Arel,Bruckstein,arel_bruckstein@gmail.com,Male,
Delphine,Rigmond,delphine_rigmond@gmail.com,Female,101
Nani,Willarton,nani_willarton@gmail.com,Female,
Bibbie,Hidderley,bibbie_hidderley@gmail.com,Female,103
Moll,Quinlan,moll_quinlan@gmail.com,Female,105
Byrom,Caukill,byrom_caukill@gmail.com,Genderfluid,
Shena,Edgecumbe,shena_edgecumbe@gmail.com,Female,
Malvina,Stuckford,malvina_stuckford@gmail.com,Female,102
Winni,Abeles,winni_abeles@gmail.com,Genderfluid,
Desiri,Yeiles,desiri_yeiles@gmail.com,Female,102
Marven,Helleckas,marven_helleckas@gmail.com,Male,
Norean,Crut,norean_crut@gmail.com,Female,
Jonas,Rookes,jonas_rookes@gmail.com,Male,
Arnold,Gowler,arnold_gowler@gmail.com,Male,103
Robb,Swaddle,robb_swaddle@gmail.com,Male,102
Meier,Jerrans,meier_jerrans@gmail.com,Male,
Demetre,Drepp,demetre_drepp@gmail.com,Male,101
Angelle,Hugland,angelle_hugland@gmail.com,Female,104
Shina,Delmonti,shina_delmonti@gmail.com,Female,103
Yvonne,McDirmid,yvonne_mcdirmid@gmail.com,Female,
Julie,Orrett,julie_orrett@gmail.com,Female,
Rolf,Durkin,rolf_durkin@gmail.com,Male,
Allyce,Rosie,allyce_rosie@gmail.com,Female,104
Corissa,Robinet,corissa_robinet@gmail.com,Female,105
Edward,Bruna,edward_bruna@gmail.com,Male,103
Monroe,Quick,monroe_quick@gmail.com,Male,101
Atlanta,Stokes,atlanta_stokes@gmail.com,Female,
Heinrick,L' Anglois,heinrick_l' anglois@gmail.com,Male,103
Mame,Prowting,mame_prowting@gmail.com,Female,105
Ralf,Goreway,ralf_goreway@gmail.com,Male,102
Ramsey,Noon,ramsey_noon@gmail.com,Male,
Adina,Auchinleck,adina_auchinleck@gmail.com,Agender,
Banky,Scoble,banky_scoble@gmail.com,Male,105
Daveen,Leathard,daveen_leathard@gmail.com,Female,105
Jammie,Gerdts,jammie_gerdts@gmail.com,Genderfluid,104
Reggis,McElvine,reggis_mcelvine@gmail.com,Male,
Carolan,July,carolan_july@gmail.com,Female,105
Merle,O'Tierney,merle_o'tierney@gmail.com,Male,
Katalin,Whalebelly,katalin_whalebelly@gmail.com,Female,103
Randi,Haller,randi_haller@gmail.com,Male,
Jennifer,Vales,jennifer_vales@gmail.com,Female,104
Ophelia,Junifer,ophelia_junifer@gmail.com,Female,
Georgina,Temperton,georgina_temperton@gmail.com,Female,105
Ema,Wonter,ema_wonter@gmail.com,Female,105
Brannon,Cunde,brannon_cunde@gmail.com,Male,
Darnell,Romer,darnell_romer@gmail.com,Male,102
Konstantin,Spafford,konstantin_spafford@gmail.com,Male,101
Andy,Haythornthwaite,andy_haythornthwaite@gmail.com,Female,103
Sherlocke,Sexten,sherlocke_sexten@gmail.com,Male,105
Garwin,Alderman,garwin_alderman@gmail.com,Male,105
Dorisa,O'Bradain,dorisa_o'bradain@gmail.com,Female,
Niall,Bodker,niall_bodker@gmail.com,Non-binary,104
Sollie,Gauthorpp,sollie_gauthorpp@gmail.com,Male,102
Nanine,Breznovic,nanine_breznovic@gmail.com,Female,105
Glenn,Seyler,glenn_seyler@gmail.com,Male,
Shanan,De Mico,shanan_de mico@gmail.com,Male,102
Arleyne,Dory,arleyne_dory@gmail.com,Agender,101
Morly,Stefanovic,morly_stefanovic@gmail.com,Non-binary,102
Roda,Blenkinship,roda_blenkinship@gmail.com,Female,103
Yancy,Wareing,yancy_wareing@gmail.com,Male,104
Tiffi,Rosewarne,tiffi_rosewarne@gmail.com,Female,104
Marcello,Talman,marcello_talman@gmail.com,Male,104
Redd,Mapstone,redd_mapstone@gmail.com,Non-binary,
Maureene,Brolechan,maureene_brolechan@gmail.com,Genderqueer,101
Lon,Ingon,lon_ingon@gmail.com,Male,105
Gail,Dovidian,gail_dovidian@gmail.com,Male,
Cathyleen,Cockerill,cathyleen_cockerill@gmail.com,Female,
Devondra,Kingsbury,devondra_kingsbury@gmail.com,Non-binary,105
Aylmar,Birdwistle,aylmar_birdwistle@gmail.com,Bigender,103
Welch,Pickup,welch_pickup@gmail.com,Male,104
Mayor,Baldry,mayor_baldry@gmail.com,Male,105
Lexy,Tremayne,lexy_tremayne@gmail.com,Female,
Aggy,Nornable,aggy_nornable@gmail.com,Female,102
Layton,Canacott,layton_canacott@gmail.com,Male,101
Ruthe,Simonian,ruthe_simonian@gmail.com,Female,101
Christoforo,Freake,christoforo_freake@gmail.com,Male,105
Ezequiel,Bantham,ezequiel_bantham@gmail.com,Male,105
Rolfe,Wissby,rolfe_wissby@gmail.com,Male,101
Marthena,Phinnis,marthena_phinnis@gmail.com,Female,104
Sosanna,Olivi,sosanna_olivi@gmail.com,Female,
Gayel,Unitt,gayel_unitt@gmail.com,Female,103
Dallas,Kiddye,dallas_kiddye@gmail.com,Male,103
Waite,Jeanes,waite_jeanes@gmail.com,Male,104
Ange,Polin,ange_polin@gmail.com,Male,105
Sheridan,Woods,sheridan_woods@gmail.com,Male,101
Halley,Duesbury,halley_duesbury@gmail.com,Genderfluid,104
Paula,Staples,paula_staples@gmail.com,Female,102
Kari,Kennagh,kari_kennagh@gmail.com,Female,101
Quinlan,Vakhrushev,quinlan_vakhrushev@gmail.com,Male,105
Anselm,Hryniewicki,anselm_hryniewicki@gmail.com,Male,103
Innis,Janota,innis_janota@gmail.com,Agender,103
Butch,Varley,butch_varley@gmail.com,Male,101
Adolphus,Stearn,adolphus_stearn@gmail.com,Male,103
Dukie,Danielis,dukie_danielis@gmail.com,Male,
Edmund,Ivoshin,edmund_ivoshin@gmail.com,Male,101
Vanny,Catterson,vanny_catterson@gmail.com,Bigender,102
Allegra,Wagner,allegra_wagner@gmail.com,Female,102
Sammy,Cray,sammy_cray@gmail.com,Female,105
Brew,Isham,brew_isham@gmail.com,Male,
Fabian,Cracknell,fabian_cracknell@gmail.com,Male,
Glenden,Palia,glenden_palia@gmail.com,Male,101
Brianna,Clayden,brianna_clayden@gmail.com,Genderqueer,102
Jerrilyn,Schwartz,jerrilyn_schwartz@gmail.com,Female,
Maisie,Epps,maisie_epps@gmail.com,Female,102
Rosella,Ellar,rosella_ellar@gmail.com,Female,105
Jordanna,Roelofs,jordanna_roelofs@gmail.com,Female,
Allin,Farlane,allin_farlane@gmail.com,Male,
Lorne,Eddowis,lorne_eddowis@gmail.com,Genderfluid,102
Ellen,Weadick,ellen_weadick@gmail.com,Female,102
Paul,Ajsik,paul_ajsik@gmail.com,Male,101
Nicole,Neem,nicole_neem@gmail.com,Female,105
Cooper,Niblett,cooper_niblett@gmail.com,Male,105
Florette,Regardsoe,florette_regardsoe@gmail.com,Female,101
Jany,Townsley,jany_townsley@gmail.com,Female,101
Audy,Emmitt,audy_emmitt@gmail.com,Female,102
Benny,Hunton,benny_hunton@gmail.com,Female,
Heall,Titcomb,heall_titcomb@gmail.com,Male,
Joice,Mockler,joice_mockler@gmail.com,Female,102
Giorgi,Whitehair,giorgi_whitehair@gmail.com,Male,104
Shaylah,Grunson,shaylah_grunson@gmail.com,Female,105
Alisun,Quenby,alisun_quenby@gmail.com,Female,104
Devy,Nock,devy_nock@gmail.com,Male,103
Pierson,Itzkovwitch,pierson_itzkovwitch@gmail.com,Male,
Bellanca,Beavington,bellanca_beavington@gmail.com,Female,
Rochella,Olifard,rochella_olifard@gmail.com,Female,104
Hendrik,Effnert,hendrik_effnert@gmail.com,Male,
Emalia,Sifflett,emalia_sifflett@gmail.com,Female,
Olive,Vasyanin,olive_vasyanin@gmail.com,Bigender,104
Jaquenetta,Whiffin,jaquenetta_whiffin@gmail.com,Female,
Cchaddie,Blagdon,cchaddie_blagdon@gmail.com,Male,105
Fredrika,Catchpole,fredrika_catchpole@gmail.com,Female,101
Binnie,Rabb,binnie_rabb@gmail.com,Female,102
Nona,Aslen,nona_aslen@gmail.com,Genderfluid,101
Grayce,Burry,grayce_burry@gmail.com,Female,101
Rem,Quadling,rem_quadling@gmail.com,Male,101
Stefania,Kirmond,stefania_kirmond@gmail.com,Female,
Morris,Valero,morris_valero@gmail.com,Genderfluid,102
Dell,Shotbolt,dell_shotbolt@gmail.com,Female,103
Brigit,Wordley,brigit_wordley@gmail.com,Female,103
Vinita,Sagg,vinita_sagg@gmail.com,Female,
Dyana,Keating,dyana_keating@gmail.com,Female,103
Carmon,Carlino,carmon_carlino@gmail.com,Female,
Florri,Archell,florri_archell@gmail.com,Female,102
Ashton,Allawy,ashton_allawy@gmail.com,Male,102
Randie,Kemsley,randie_kemsley@gmail.com,Female,
Talya,Hearnah,talya_hearnah@gmail.com,Female,101
Dukie,Houson,dukie_houson@gmail.com,Male,105
Raquela,Berkery,raquela_berkery@gmail.com,Female,
Corie,Benny,corie_benny@gmail.com,Female,103
Olav,Simko,olav_simko@gmail.com,Male,104
Lonna,Behr,lonna_behr@gmail.com,Agender,
Marice,Digwood,marice_digwood@gmail.com,Female,104
Hali,Saull,hali_saull@gmail.com,Female,104
Marjory,McCuis,marjory_mccuis@gmail.com,Female,103
Smitty,Crabb,smitty_crabb@gmail.com,Male,101
Merlina,Shufflebotham,merlina_shufflebotham@gmail.com,Female,
Burty,Carnachen,burty_carnachen@gmail.com,Male,105
Wilone,Erdes,wilone_erdes@gmail.com,Female,
Berkie,Zamora,berkie_zamora@gmail.com,Genderfluid,101
Susy,Ferrieri,susy_ferrieri@gmail.com,Female,102
Melba,Orris,melba_orris@gmail.com,Female,
Lilian,Stritton,lilian_stritton@gmail.com,Female,
Trev,Lightfoot,trev_lightfoot@gmail.com,Male,
Chance,Descroix,chance_descroix@gmail.com,Male,105
Delano,Ramel,delano_ramel@gmail.com,Male,105
Arabel,Ianinotti,arabel_ianinotti@gmail.com,Female,103
Bonita,Crosio,bonita_crosio@gmail.com,Polygender,
Austin,Clayfield,austin_clayfield@gmail.com,Male,103
Elfrieda,Klainer,elfrieda_klainer@gmail.com,Female,105
Hildagard,Darrell,hildagard_darrell@gmail.com,Female,
Allyn,Fiske,allyn_fiske@gmail.com,Male,103
Wilt,Aldred,wilt_aldred@gmail.com,Male,104
Sioux,Davidek,sioux_davidek@gmail.com,Female,101
Darrel,Suthren,darrel_suthren@gmail.com,Male,
Hildy,Abercrombie,hildy_abercrombie@gmail.com,Female,105
Gamaliel,Moyle,gamaliel_moyle@gmail.com,Male,103
Cristian,Eard,cristian_eard@gmail.com,Male,104
Dur,Bierman,dur_bierman@gmail.com,Genderfluid,102
Jarad,MacCafferky,jarad_maccafferky@gmail.com,Agender,101
Roobbie,Parr,roobbie_parr@gmail.com,Female,102
Alys,Lohoar,alys_lohoar@gmail.com,Female,102
Vasili,Reddell,vasili_reddell@gmail.com,Male,105
Raffarty,Rounsefell,raffarty_rounsefell@gmail.com,Male,101
Cosimo,Maly,cosimo_maly@gmail.com,Male,104
Merrily,Dowden,merrily_dowden@gmail.com,Female,
Linet,Davitashvili,linet_davitashvili@gmail.com,Female,
Irwin,Zorzin,irwin_zorzin@gmail.com,Male,101
Dehlia,Horning,dehlia_horning@gmail.com,Female,103
Christiane,Dudenie,christiane_dudenie@gmail.com,Female,104
Ibby,Bortolomei,ibby_bortolomei@gmail.com,Agender,104
Genvieve,Simoes,genvieve_simoes@gmail.com,Female,101
Rorie,Etock,rorie_etock@gmail.com,Bigender,
Flory,FitzGeorge,flory_fitzgeorge@gmail.com,Non-binary,
Hadley,Gunbie,hadley_gunbie@gmail.com,Male,104
Marlow,Craigs,marlow_craigs@gmail.com,Male,103
Jourdan,Cammell,jourdan_cammell@gmail.com,Female,103
Alan,Boshard,alan_boshard@gmail.com,Male,104
Austin,Garnett,austin_garnett@gmail.com,Female,104
Sandie,Draco,sandie_draco@gmail.com,Female,101
Max,Cubley,max_cubley@gmail.com,Female,105
Jacquette,Edling,jacquette_edling@gmail.com,Female,105
Ariella,Origan,ariella_origan@gmail.com,Female,105
Jeff,Nance,jeff_nance@gmail.com,Male,
Ewen,Leatt,ewen_leatt@gmail.com,Male,
Collete,Bufton,collete_bufton@gmail.com,Female,102
Florri,Gadsby,florri_gadsby@gmail.com,Female,
Halley,Hastin,halley_hastin@gmail.com,Polygender,104
Evelina,Chapling,evelina_chapling@gmail.com,Female,103
Cary,Rieme,cary_rieme@gmail.com,Female,102
Lynnelle,Leward,lynnelle_leward@gmail.com,Female,102
Moses,Keling,moses_keling@gmail.com,Male,
Neale,Tourville,neale_tourville@gmail.com,Male,105
Carny,Germann,carny_germann@gmail.com,Male,103
Orin,Offa,orin_offa@gmail.com,Male,
Matti,Whittington,matti_whittington@gmail.com,Female,
Josie,Galle,josie_galle@gmail.com,Female,104
Stephannie,Scalia,stephannie_scalia@gmail.com,Female,
Micky,Dellenbrok,micky_dellenbrok@gmail.com,Female,102
Vasilis,Trendle,vasilis_trendle@gmail.com,Male,102
Gabriela,Baldelli,gabriela_baldelli@gmail.com,Female,103
Renate,Stathers,renate_stathers@gmail.com,Female,
Deerdre,Hamlin,deerdre_hamlin@gmail.com,Bigender,102
Janella,Branton,janella_branton@gmail.com,Female,
Winston,Kellog,winston_kellog@gmail.com,Male,104
Siegfried,Angless,siegfried_angless@gmail.com,Male,104
Fayina,Wilding,fayina_wilding@gmail.com,Non-binary,
Roderigo,Kosiada,roderigo_kosiada@gmail.com,Male,105
Arden,Grafom,arden_grafom@gmail.com,Female,104
Jenn,Leven,jenn_leven@gmail.com,Female,102
Ugo,Doley,ugo_doley@gmail.com,Male,
Steward,Jagg,steward_jagg@gmail.com,Male,102
Maighdiln,Wichard,maighdiln_wichard@gmail.com,Female,
Larry,Rayner,larry_rayner@gmail.com,Male,102
Hadleigh,Londsdale,hadleigh_londsdale@gmail.com,Male,102
Daniela,Nelane,daniela_nelane@gmail.com,Female,104
Averell,McDermid,averell_mcdermid@gmail.com,Male,101
Tommi,Peniello,tommi_peniello@gmail.com,Female,105
Ian,Clemanceau,ian_clemanceau@gmail.com,Male,103
Rosette,Hinnerk,rosette_hinnerk@gmail.com,Female,101
Tye,Calender,tye_calender@gmail.com,Male,104
Tadio,Tatnell,tadio_tatnell@gmail.com,Male,
Adriena,Speedin,adriena_speedin@gmail.com,Female,104
Gerhard,Checchi,gerhard_checchi@gmail.com,Male,104
Kerr,Lambird,kerr_lambird@gmail.com,Male,102
Shaun,Waldram,shaun_waldram@gmail.com,Female,103
Colin,Mungan,colin_mungan@gmail.com,Male,
Lilly,Sawl,lilly_sawl@gmail.com,Female,101
Faythe,Jayume,faythe_jayume@gmail.com,Female,104
Melany,Noller,melany_noller@gmail.com,Genderqueer,
Ammamaria,Cumes,ammamaria_cumes@gmail.com,Female,104
La verne,Jerromes,la verne_jerromes@gmail.com,Female,103
Desi,Tomasicchio,desi_tomasicchio@gmail.com,Male,102
Nikoletta,Eagar,nikoletta_eagar@gmail.com,Female,
Dael,Falkingham,dael_falkingham@gmail.com,Male,101
Poppy,Casaroli,poppy_casaroli@gmail.com,Female,105
Elinore,Dog,elinore_dog@gmail.com,Female,104
Jeremy,Kerrigan,jeremy_kerrigan@gmail.com,Male,102
Bard,Padula,bard_padula@gmail.com,Male,
Byram,Wisden,byram_wisden@gmail.com,Male,105
Linda,Aers,linda_aers@gmail.com,Female,104
Alfredo,Panchen,alfredo_panchen@gmail.com,Male,103
